nama_ikan,ds,y
Alu Alu/baracuda,2019-01-02,700
Alu Alu/baracuda,2019-01-03,630
Alu Alu/baracuda,2019-01-04,352
Alu Alu/baracuda,2019-01-05,480
Alu Alu/baracuda,2019-01-06,320
Alu Alu/baracuda,2019-01-07,875
Alu Alu/baracuda,2019-01-09,645
Alu Alu/baracuda,2019-01-10,900
Alu Alu/baracuda,2019-01-11,1050
Alu Alu/baracuda,2019-01-12,0
Alu Alu/baracuda,2020-01-01,300
Alu Alu/baracuda,2020-01-02,476
Alu Alu/baracuda,2020-01-03,550
Alu Alu/baracuda,2020-01-04,619
Alu Alu/baracuda,2020-01-05,560
Alu Alu/baracuda,2020-01-06,668
Alu Alu/baracuda,2020-01-07,650
Alu Alu/baracuda,2020-01-08,769
Alu Alu/baracuda,2020-01-09,521
Alu Alu/baracuda,2020-01-10,630
Alu Alu/baracuda,2020-01-11,502
Alu Alu/baracuda,2020-01-12,668
Alu Alu/baracuda,2021-01-01,450
Alu Alu/baracuda,2021-01-02,360
Alu Alu/baracuda,2021-01-03,310
Alu Alu/baracuda,2021-01-04,641
Alu Alu/baracuda,2021-01-05,462
Alu Alu/baracuda,2021-01-06,346
Alu Alu/baracuda,2021-01-07,446
Alu Alu/baracuda,2021-01-08,247
Alu Alu/baracuda,2021-01-09,248
Alu Alu/baracuda,2021-01-10,349
Alu Alu/baracuda,2021-01-11,590
Alu Alu/baracuda,2021-01-12,591
Ayam ayam,2019-01-01,525
Ayam ayam,2019-01-02,700
Ayam ayam,2019-01-03,805
Ayam ayam,2019-01-04,800
Ayam ayam,2019-01-05,768
Ayam ayam,2019-01-06,704
Ayam ayam,2019-01-08,1872
Ayam ayam,2019-01-09,1770
Ayam ayam,2019-01-10,1290
Ayam ayam,2019-01-11,1200
Ayam ayam,2019-01-12,0
Ayam ayam,2020-01-01,360
Ayam ayam,2020-01-02,465
Ayam ayam,2020-01-03,650
Ayam ayam,2020-01-04,420
Ayam ayam,2020-01-05,633
Ayam ayam,2020-01-06,514
Ayam ayam,2020-01-07,489
Ayam ayam,2020-01-08,730
Ayam ayam,2020-01-09,764
Ayam ayam,2020-01-10,620
Ayam ayam,2020-01-11,611
Ayam ayam,2020-01-12,628
Ayam ayam,2021-01-01,950
Ayam ayam,2021-01-02,1125
Ayam ayam,2021-01-03,1000
Ayam ayam,2021-01-05,1000
Ayam ayam,2021-01-06,900
Ayam ayam,2021-01-07,3250
Ayam ayam,2021-01-08,1625
Ayam ayam,2021-01-09,750
Ayam ayam,2021-01-10,775
Ayam ayam,2021-01-11,775
Ayam ayam,2021-01-12,525
Ayam ayam,2022-01-02,3432
Ayam ayam,2022-01-06,8652
Ayam ayam,2022-01-10,1800
Ayam ayam,2022-01-11,6600
Ayam ayam,2022-01-12,1720
Ayam ayam,2024-01-01,3961
Ayam ayam,2024-01-02,3376
Ayam ayam,2024-01-03,4012
Ayam ayam,2024-01-04,1426
Ayam ayam,2024-01-05,3359
Ayam ayam,2024-01-06,1669
Ayam ayam,2024-01-07,2733
Ayam ayam,2024-01-08,3599
Ayam ayam,2024-01-09,3816
Ayam ayam,2024-01-10,7307
Ayam ayam,2024-01-11,5921
Ayam ayam,2024-01-12,5774
Ayam-ayam,2023-01-01,5346
Ayam-ayam,2023-01-02,2496
Ayam-ayam,2023-01-03,2070
Ayam-ayam,2023-01-04,3420
Ayam-ayam,2023-01-05,4674
Ayam-ayam,2023-01-06,61992
Ayam-ayam,2023-01-07,3078
Ayam-ayam,2023-01-08,4374
Ayam-ayam,2023-01-09,49496
Ayam-ayam,2023-01-10,5500
Ayam-ayam,2023-01-11,34749
Bawal Laut,2023-01-01,1125
Bawal Laut,2023-01-02,384
Bawal Laut,2023-01-03,540
Bawal Laut,2023-01-04,180
Bawal Laut,2023-01-05,3444
Bawal Laut,2023-01-06,738
Bawal Laut,2023-01-07,4806
Bawal Laut,2023-01-08,7344
Bawal Laut,2023-01-09,5244
Bawal Laut,2023-01-10,10736
Bawal Laut,2023-01-11,1419
Bawal laut,2019-01-05,1344
Bawal laut,2019-01-06,1984
Bawal laut,2019-01-07,1560
Bawal laut,2019-01-08,870
Bawal laut,2019-01-09,300
Bawal laut,2019-01-10,510
Bawal laut,2019-01-11,0
Bawal laut,2019-01-12,1265
Bawal laut,2020-01-01,1071
Bawal laut,2020-01-02,1051
Bawal laut,2020-01-03,1056
Bawal laut,2020-01-04,1002
Bawal laut,2020-01-05,1248
Bawal laut,2020-01-06,1008
Bawal laut,2020-01-07,1032
Bawal laut,2020-01-08,932
Bawal laut,2020-01-09,1150
Bawal laut,2020-01-10,1028
Bawal laut,2020-01-11,986
Bawal laut,2020-01-12,1051
Bawal laut,2021-01-01,325
Bawal laut,2021-01-02,200
Bawal laut,2021-01-03,300
Bawal laut,2021-01-04,150
Bawal laut,2021-01-05,525
Bawal laut,2021-01-06,100
Bawal laut,2021-01-07,225
Bawal laut,2021-01-08,125
Bawal laut,2021-01-09,300
Bawal laut,2021-01-10,2425
Bawal laut,2021-01-12,2225
Bawal laut,2022-01-01,148
Bawal laut,2022-01-02,260
Bawal laut,2022-01-03,185
Bawal laut,2022-01-04,407
Bawal laut,2022-01-05,206
Bawal laut,2022-01-06,1442
Bawal laut,2022-01-07,281
Bawal laut,2022-01-08,2656
Bawal laut,2022-01-09,494
Bawal laut,2022-01-11,680
Bawal laut,2022-01-12,800
Bawal laut,2024-01-01,814
Bawal laut,2024-01-02,711
Bawal laut,2024-01-03,1117
Bawal laut,2024-01-04,592
Bawal laut,2024-01-05,440
Bawal laut,2024-01-06,776
Bawal laut,2024-01-07,749
Bawal laut,2024-01-08,1372
Bawal laut,2024-01-09,1221
Bawal laut,2024-01-10,2291
Bawal laut,2024-01-11,2255
Bawal laut,2024-01-12,2238
Bentong,2019-01-01,1820
Bentong,2019-01-02,3710
Bentong,2019-01-03,1225
Bentong,2019-01-04,768
Bentong,2019-01-05,1440
Bentong,2019-01-06,1152
Bentong,2019-01-07,450
Bentong,2019-01-08,600
Bentong,2019-01-09,690
Bentong,2019-01-10,1050
Bentong,2019-01-12,0
Bentong,2020-01-01,1488
Bentong,2020-01-02,1800
Bentong,2020-01-03,2100
Bentong,2020-01-04,1050
Bentong,2020-01-05,1650
Bentong,2020-01-06,1980
Bentong,2020-01-07,1880
Bentong,2020-01-08,1875
Bentong,2020-01-09,1650
Bentong,2020-01-10,1816
Bentong,2020-01-11,1705
Bentong,2020-01-12,1400
Bentong,2021-01-01,3725
Bentong,2021-01-02,6500
Bentong,2021-01-03,5250
Bentong,2021-01-04,3750
Bentong,2021-01-05,4000
Bentong,2021-01-06,4000
Bentong,2021-01-07,7250
Bentong,2021-01-08,3500
Bentong,2021-01-09,4500
Bentong,2021-01-10,750
Bentong,2021-01-11,125
Bentong,2021-01-12,375
Cakalang,2019-01-01,102375
Cakalang,2019-01-02,1332415
Cakalang,2019-01-03,179200
Cakalang,2019-01-04,217280
Cakalang,2019-01-05,190976
Cakalang,2019-01-06,133536
Cakalang,2019-01-07,210690
Cakalang,2019-01-08,183630
Cakalang,2019-01-09,210150
Cakalang,2019-01-10,230040
Cakalang,2019-01-11,184050
Cakalang,2019-01-12,1674475
Cakalang,2020-01-01,96022
Cakalang,2020-01-02,100671
Cakalang,2020-01-03,186000
Cakalang,2020-01-04,186500
Cakalang,2020-01-05,148836
Cakalang,2020-01-06,256733
Cakalang,2020-01-07,186476
Cakalang,2020-01-08,173056
Cakalang,2020-01-09,165882
Cakalang,2020-01-10,198560
Cakalang,2020-01-11,252500
Cakalang,2020-01-12,286476
Cakalang,2021-01-01,226625
Cakalang,2021-01-02,1622675
Cakalang,2021-01-03,126500
Cakalang,2021-01-04,178250
Cakalang,2021-01-05,161825
Cakalang,2021-01-06,105750
Cakalang,2021-01-07,198500
Cakalang,2021-01-08,135500
Cakalang,2021-01-09,160250
Cakalang,2021-01-10,213750
Cakalang,2021-01-11,239375
Cakalang,2021-01-12,205125
Cakalang,2022-01-03,2057765
Cakalang,2022-01-04,184943
Cakalang,2022-01-07,2073435
Cakalang,2022-01-08,2571372
Cakalang,2022-01-09,223713
Cakalang,2022-01-12,2435125
Cakalang,2023-01-01,113643
Cakalang,2023-01-06,2263576
Cakalang,2023-01-07,179860
Cakalang,2023-01-08,2874977
Cakalang,2023-01-10,170107
Cakalang,2024-01-01,155878
Cakalang,2024-01-02,177314
Cakalang,2024-01-03,159767
Cakalang,2024-01-04,113287
Cakalang,2024-01-05,145569
Cakalang,2024-01-06,124686
Cakalang,2024-01-07,112376
Cakalang,2024-01-08,130443
Cakalang,2024-01-09,132745
Cakalang,2024-01-10,105071
Cakalang,2024-01-11,107169
Cakalang,2024-01-12,105930
Cendro,2022-01-01,10692
Cendro,2022-01-02,826
Cendro,2022-01-03,18711
Cendro,2022-01-04,17226
Cendro,2022-01-05,1776
Cendro,2022-01-06,1555
Cendro,2022-01-08,348
Cendro,2022-01-09,6272
Cendro,2022-01-10,6050
Cendro,2022-01-11,2900
Cendro,2022-01-12,2000
Cendro,2023-01-01,3198
Cendro,2023-01-02,2627
Cendro,2023-01-03,1476
Cendro,2023-01-04,6273
Cendro,2023-01-05,37024
Cendro,2023-01-07,28446
Cendro,2023-01-08,40986
Cendro,2023-01-09,26624
Cendro,2024-01-01,4419
Cendro,2024-01-02,3075
Cendro,2024-01-03,3308
Cendro,2024-01-04,1999
Cendro,2024-01-05,3440
Cendro,2024-01-06,2030
Cendro,2024-01-07,1216
Cendro,2024-01-08,3318
Cendro,2024-01-09,3661
Cendro,2024-01-10,6846
Cendro,2024-01-11,3577
Cendro,2024-01-12,3527
Cucut,2019-01-01,1225
Cucut,2019-01-02,525
Cucut,2019-01-03,700
Cucut,2019-01-04,1120
Cucut,2019-01-06,384
Cucut,2019-01-07,240
Cucut,2019-01-08,300
Cucut,2019-01-09,300
Cucut,2019-01-10,360
Cucut,2019-01-11,600
Cucut,2019-01-12,0
Cucut,2020-01-01,626
Cucut,2020-01-02,598
Cucut,2020-01-03,789
Cucut,2020-01-04,543
Cucut,2020-01-05,469
Cucut,2020-01-06,596
Cucut,2020-01-07,732
Cucut,2020-01-08,803
Cucut,2020-01-09,626
Cucut,2020-01-10,626
Cucut,2020-01-11,626
Cucut,2020-01-12,626
Cucut,2021-01-01,121
Cucut,2021-01-02,103
Cucut,2021-01-03,94
Cucut,2021-01-04,98
Cucut,2021-01-05,109
Cucut,2021-01-06,89
Cucut,2021-01-07,120
Cucut,2021-01-08,111
Cucut,2021-01-09,102
Cucut,2021-01-10,133
Cucut,2021-01-11,164
Cucut,2021-01-12,165
Ekor Kuning,2023-01-01,7257
Ekor Kuning,2023-01-02,497
Ekor Kuning,2023-01-03,1476
Ekor Kuning,2023-01-04,12915
Ekor Kuning,2023-01-05,51976
Ekor Kuning,2023-01-06,15582
Ekor Kuning,2023-01-07,4092
Ekor Kuning,2023-01-08,2772
Ekor Kuning,2023-01-10,121072
Ekor Kuning,2023-01-11,70905
Ekor kuning,2022-01-01,1386
Ekor kuning,2022-01-02,2360
Ekor kuning,2022-01-05,1184
Ekor kuning,2022-01-06,2177
Ekor kuning,2022-01-08,1044
Ekor kuning,2022-01-09,11368
Ekor kuning,2022-01-10,6750
Ekor kuning,2022-01-11,5925
Ekor kuning,2022-01-12,1750
Ekor kuning,2024-01-01,12999
Ekor kuning,2024-01-02,10744
Ekor kuning,2024-01-03,5881
Ekor kuning,2024-01-04,3196
Ekor kuning,2024-01-05,3156
Ekor kuning,2024-01-06,2598
Ekor kuning,2024-01-07,2013
Ekor kuning,2024-01-08,2737
Ekor kuning,2024-01-09,4211
Ekor kuning,2024-01-10,3353
Ekor kuning,2024-01-11,2819
Ekor kuning,2024-01-12,2784
Ekor kuning/Pisang-pisang/sunglir/salem,2019-01-02,15540
Ekor kuning/Pisang-pisang/sunglir/salem,2019-01-03,4620
Ekor kuning/Pisang-pisang/sunglir/salem,2019-01-05,3552
Ekor kuning/Pisang-pisang/sunglir/salem,2019-01-06,2144
Ekor kuning/Pisang-pisang/sunglir/salem,2019-01-07,4164
Ekor kuning/Pisang-pisang/sunglir/salem,2019-01-08,4350
Ekor kuning/Pisang-pisang/sunglir/salem,2019-01-09,8400
Ekor kuning/Pisang-pisang/sunglir/salem,2019-01-10,5490
Ekor kuning/Pisang-pisang/sunglir/salem,2019-01-11,6900
Ekor kuning/Pisang-pisang/sunglir/salem,2019-01-12,4565
Ekor kuning/Pisang-pisang/sunglir/salem,2020-01-01,3345
Ekor kuning/Pisang-pisang/sunglir/salem,2020-01-02,3506
Ekor kuning/Pisang-pisang/sunglir/salem,2020-01-03,2986
Ekor kuning/Pisang-pisang/sunglir/salem,2020-01-04,2886
Ekor kuning/Pisang-pisang/sunglir/salem,2020-01-05,3560
Ekor kuning/Pisang-pisang/sunglir/salem,2020-01-06,3056
Ekor kuning/Pisang-pisang/sunglir/salem,2020-01-07,3426
Ekor kuning/Pisang-pisang/sunglir/salem,2020-01-08,3456
Ekor kuning/Pisang-pisang/sunglir/salem,2020-01-09,3654
Ekor kuning/Pisang-pisang/sunglir/salem,2020-01-10,3201
Ekor kuning/Pisang-pisang/sunglir/salem,2020-01-11,3567
Ekor kuning/Pisang-pisang/sunglir/salem,2020-01-12,3502
Ekor kuning/Pisang-pisang/sunglir/salem,2021-01-01,10250
Ekor kuning/Pisang-pisang/sunglir/salem,2021-01-03,18250
Ekor kuning/Pisang-pisang/sunglir/salem,2021-01-04,14800
Ekor kuning/Pisang-pisang/sunglir/salem,2021-01-05,8750
Ekor kuning/Pisang-pisang/sunglir/salem,2021-01-06,6800
Ekor kuning/Pisang-pisang/sunglir/salem,2021-01-07,23875
Ekor kuning/Pisang-pisang/sunglir/salem,2021-01-08,11650
Ekor kuning/Pisang-pisang/sunglir/salem,2021-01-09,7500
Ekor kuning/Pisang-pisang/sunglir/salem,2021-01-10,13125
Ekor kuning/Pisang-pisang/sunglir/salem,2021-01-11,18625
Ekor kuning/Pisang-pisang/sunglir/salem,2021-01-12,3625
Gabus Laut,2022-01-01,12375
Gabus Laut,2022-01-02,1180
Gabus Laut,2022-01-03,19305
Gabus Laut,2022-01-04,2079
Gabus Laut,2022-01-05,34336
Gabus Laut,2022-01-06,19282
Gabus Laut,2022-01-07,16874
Gabus Laut,2022-01-08,14268
Gabus Laut,2022-01-09,14112
Gabus Laut,2022-01-10,3145
Gabus Laut,2022-01-11,1250
Gabus Laut,2022-01-12,3500
Gabus Laut,2023-01-01,246
Gabus Laut,2023-01-02,568
Gabus Laut,2023-01-04,7995
Gabus Laut,2023-01-07,1122
Gabus Laut,2023-01-08,858
Gabus Laut,2023-01-11,36975
Gabus Laut,2024-01-01,459
Gabus Laut,2024-01-02,1989
Gabus Laut,2024-01-03,592
Gabus Laut,2024-01-04,671
Gabus Laut,2024-01-05,3836
Gabus Laut,2024-01-06,2172
Gabus Laut,2024-01-07,1399
Gabus Laut,2024-01-08,1261
Gabus Laut,2024-01-09,1704
Gabus Laut,2024-01-10,1826
Gabus Laut,2024-01-11,1367
Gabus Laut,2024-01-12,1336
Gerot Gerot,2022-01-02,6313
Gerot Gerot,2022-01-04,33858
Gerot Gerot,2022-01-05,2072
Gerot Gerot,2022-01-06,16483
Gerot Gerot,2022-01-07,16107
Gerot Gerot,2022-01-08,2262
Gerot Gerot,2022-01-09,29792
Gerot Gerot,2022-01-10,4000
Gerot Gerot,2022-01-11,19780
Gerot Gerot,2022-01-12,3000
Gerot Gerot,2024-01-01,2871
Gerot Gerot,2024-01-02,3269
Gerot Gerot,2024-01-03,2577
Gerot Gerot,2024-01-04,6630
Gerot Gerot,2024-01-05,5734
Gerot Gerot,2024-01-06,7657
Gerot Gerot,2024-01-07,6547
Gerot Gerot,2024-01-08,6651
Gerot Gerot,2024-01-09,6784
Gerot Gerot,2024-01-10,6974
Gerot Gerot,2024-01-11,6776
Gerot Gerot,2024-01-12,6747
Gerot-gerot,2023-01-01,96555
Gerot-gerot,2023-01-02,143207
Gerot-gerot,2023-01-03,106641
Gerot-gerot,2023-01-04,140835
Gerot-gerot,2023-01-06,171402
Gerot-gerot,2023-01-07,4950
Gerot-gerot,2023-01-08,7920
Gerot-gerot,2023-01-10,132832
Gerot-gerot,2023-01-11,63075
Gerot-gerot,2023-01-12,73036
Golok golok,2019-01-01,658
Golok golok,2019-01-02,931
Golok golok,2019-01-03,511
Golok golok,2019-01-05,1184
Golok golok,2019-01-06,1088
Golok golok,2019-01-07,1365
Golok golok,2019-01-08,990
Golok golok,2019-01-09,630
Golok golok,2019-01-10,480
Golok golok,2019-01-11,0
Golok golok,2020-01-01,846
Golok golok,2020-01-02,796
Golok golok,2020-01-03,950
Golok golok,2020-01-04,709
Golok golok,2020-01-05,786
Golok golok,2020-01-06,1030
Golok golok,2020-01-07,832
Golok golok,2020-01-08,736
Golok golok,2020-01-09,890
Golok golok,2020-01-10,893
Golok golok,2020-01-11,730
Golok golok,2020-01-12,960
Golok golok,2021-01-01,750
Golok golok,2021-01-02,700
Golok golok,2021-01-03,550
Golok golok,2021-01-04,1000
Golok golok,2021-01-05,1900
Golok golok,2021-01-06,850
Golok golok,2021-01-07,750
Golok golok,2021-01-08,225
Golok golok,2021-01-09,850
Golok golok,2021-01-10,1400
Golok golok,2021-01-11,1650
Golok golok,2021-01-12,900
Golok golok,2022-01-02,4130
Golok golok,2022-01-12,1250
Golok golok,2024-01-01,2278
Golok golok,2024-01-02,2470
Golok golok,2024-01-03,1377
Golok golok,2024-01-04,961
Golok golok,2024-01-05,2248
Golok golok,2024-01-06,1774
Golok golok,2024-01-07,1219
Golok golok,2024-01-08,2418
Golok golok,2024-01-09,2520
Golok golok,2024-01-10,2194
Golok golok,2024-01-11,2143
Golok golok,2024-01-12,2069
Golok-golok,2023-01-01,9225
Golok-golok,2023-01-02,852
Golok-golok,2023-01-03,73185
Golok-golok,2023-01-04,2091
Golok-golok,2023-01-05,21004
Golok-golok,2023-01-06,31164
Golok-golok,2023-01-07,1386
Golok-golok,2023-01-08,37818
Golok-golok,2023-01-10,79688
Golok-golok,2023-01-11,77865
Gulamah,2023-01-01,1230
Gulamah,2023-01-02,10295
Gulamah,2023-01-03,12915
Gulamah,2023-01-04,58425
Gulamah,2023-01-05,511928
Gulamah,2023-01-06,34132
Gulamah,2023-01-07,3861
Gulamah,2023-01-08,69432
Gulamah,2023-01-10,253568
Gulamah,2023-01-11,22185
Gulamah/Tigawaja/Samgeh,2019-01-01,6195
Gulamah/Tigawaja/Samgeh,2019-01-02,4095
Gulamah/Tigawaja/Samgeh,2019-01-03,2625
Gulamah/Tigawaja/Samgeh,2019-01-04,1376
Gulamah/Tigawaja/Samgeh,2019-01-05,1088
Gulamah/Tigawaja/Samgeh,2019-01-06,1728
Gulamah/Tigawaja/Samgeh,2019-01-07,2370
Gulamah/Tigawaja/Samgeh,2019-01-08,5685
Gulamah/Tigawaja/Samgeh,2019-01-09,6300
Gulamah/Tigawaja/Samgeh,2019-01-10,4500
Gulamah/Tigawaja/Samgeh,2019-01-11,2880
Gulamah/Tigawaja/Samgeh,2020-01-01,3791
Gulamah/Tigawaja/Samgeh,2020-01-02,3780
Gulamah/Tigawaja/Samgeh,2020-01-03,3560
Gulamah/Tigawaja/Samgeh,2020-01-04,3937
Gulamah/Tigawaja/Samgeh,2020-01-05,4005
Gulamah/Tigawaja/Samgeh,2020-01-06,3640
Gulamah/Tigawaja/Samgeh,2020-01-07,4056
Gulamah/Tigawaja/Samgeh,2020-01-08,3737
Gulamah/Tigawaja/Samgeh,2020-01-09,3560
Gulamah/Tigawaja/Samgeh,2020-01-10,4020
Gulamah/Tigawaja/Samgeh,2020-01-11,3646
Gulamah/Tigawaja/Samgeh,2020-01-12,3756
Gulamah/Tigawaja/Samgeh,2021-01-01,4300
Gulamah/Tigawaja/Samgeh,2021-01-02,3000
Gulamah/Tigawaja/Samgeh,2021-01-03,2000
Gulamah/Tigawaja/Samgeh,2021-01-04,1425
Gulamah/Tigawaja/Samgeh,2021-01-05,1750
Gulamah/Tigawaja/Samgeh,2021-01-06,1000
Gulamah/Tigawaja/Samgeh,2021-01-07,3250
Gulamah/Tigawaja/Samgeh,2021-01-08,2375
Gulamah/Tigawaja/Samgeh,2021-01-09,3000
Gulamah/Tigawaja/Samgeh,2021-01-10,3250
Gulamah/Tigawaja/Samgeh,2021-01-11,3500
Gulamah/Tigawaja/Samgeh,2021-01-12,3550
Gulamah/Tigawaja/Samgeh,2022-01-01,6435
Gulamah/Tigawaja/Samgeh,2022-01-02,5900
Gulamah/Tigawaja/Samgeh,2022-01-03,5841
Gulamah/Tigawaja/Samgeh,2022-01-11,3600
Gulamah/Tigawaja/Samgeh,2022-01-12,3500
Gulamah/Tigawaja/Samgeh,2024-01-01,1837
Gulamah/Tigawaja/Samgeh,2024-01-02,3153
Gulamah/Tigawaja/Samgeh,2024-01-03,3801
Gulamah/Tigawaja/Samgeh,2024-01-04,2649
Gulamah/Tigawaja/Samgeh,2024-01-05,4177
Gulamah/Tigawaja/Samgeh,2024-01-06,5555
Gulamah/Tigawaja/Samgeh,2024-01-07,4134
Gulamah/Tigawaja/Samgeh,2024-01-08,4518
Gulamah/Tigawaja/Samgeh,2024-01-09,4096
Gulamah/Tigawaja/Samgeh,2024-01-10,4978
Gulamah/Tigawaja/Samgeh,2024-01-11,4950
Gulamah/Tigawaja/Samgeh,2024-01-12,4888
Ikan sebelah,2019-01-01,385
Ikan sebelah,2019-01-02,315
Ikan sebelah,2019-01-03,735
Ikan sebelah,2019-01-05,576
Ikan sebelah,2019-01-06,256
Ikan sebelah,2019-01-07,831
Ikan sebelah,2019-01-08,720
Ikan sebelah,2019-01-09,510
Ikan sebelah,2019-01-10,570
Ikan sebelah,2019-01-12,550
Ikan sebelah,2020-01-01,700
Ikan sebelah,2020-01-02,735
Ikan sebelah,2020-01-03,620
Ikan sebelah,2020-01-04,542
Ikan sebelah,2020-01-05,635
Ikan sebelah,2020-01-06,835
Ikan sebelah,2020-01-07,795
Ikan sebelah,2020-01-08,635
Ikan sebelah,2020-01-09,895
Ikan sebelah,2020-01-10,918
Ikan sebelah,2020-01-11,695
Ikan sebelah,2020-01-12,568
Ikan sebelah,2021-01-01,375
Ikan sebelah,2021-01-02,575
Ikan sebelah,2021-01-03,500
Ikan sebelah,2021-01-04,750
Ikan sebelah,2021-01-05,500
Ikan sebelah,2021-01-06,200
Ikan sebelah,2021-01-07,525
Ikan sebelah,2021-01-09,950
Ikan sebelah,2021-01-10,975
Ikan sebelah,2021-01-11,1025
Ikan sebelah,2021-01-12,525
Japuh,2019-01-01,1050
Japuh,2019-01-02,1400
Japuh,2019-01-03,1505
Japuh,2019-01-04,0
Japuh,2019-01-05,1088
Japuh,2019-01-06,800
Japuh,2019-01-07,600
Japuh,2019-01-08,600
Japuh,2019-01-09,690
Japuh,2019-01-10,0
Japuh,2019-01-11,0
Japuh,2019-01-12,0
Japuh,2020-01-01,704
Japuh,2020-01-02,735
Japuh,2020-01-03,553
Japuh,2020-01-04,598
Japuh,2020-01-05,603
Japuh,2020-01-06,785
Japuh,2020-01-07,732
Japuh,2020-01-08,783
Japuh,2020-01-09,852
Japuh,2020-01-10,798
Japuh,2020-01-11,620
Japuh,2020-01-12,685
Japuh,2021-01-01,306
Japuh,2021-01-02,278
Japuh,2021-01-03,249
Japuh,2021-01-04,250
Japuh,2021-01-05,221
Japuh,2021-01-06,232
Japuh,2021-01-07,233
Japuh,2021-01-08,214
Japuh,2021-01-09,205
Japuh,2021-01-10,226
Japuh,2021-01-11,227
Japuh,2021-01-12,228
Jenaha,2019-01-01,630
Jenaha,2019-01-03,1540
Jenaha,2019-01-05,352
Jenaha,2019-01-06,288
Jenaha,2019-01-07,870
Jenaha,2019-01-08,600
Jenaha,2019-01-09,270
Jenaha,2019-01-10,330
Jenaha,2019-01-11,0
Jenaha,2019-01-12,495
Jenaha,2020-01-01,239
Jenaha,2020-01-02,253
Jenaha,2020-01-03,242
Jenaha,2020-01-04,215
Jenaha,2020-01-05,245
Jenaha,2020-01-06,180
Jenaha,2020-01-07,213
Jenaha,2020-01-08,373
Jenaha,2020-01-09,231
Jenaha,2020-01-10,210
Jenaha,2020-01-11,189
Jenaha,2020-01-12,273
Jenaha,2021-01-02,1250
Jenaha,2021-01-03,1750
Jenaha,2021-01-04,1125
Jenaha,2021-01-05,700
Jenaha,2021-01-06,250
Jenaha,2021-01-07,1000
Jenaha,2021-01-08,750
Jenaha,2021-01-09,650
Jenaha,2021-01-10,675
Jenaha,2021-01-11,925
Jenaha,2021-01-12,425
Kakap,2022-01-01,975
Kakap,2022-01-02,544
Kakap,2022-01-03,689
Kakap,2022-01-04,2171
Kakap,2022-01-05,986
Kakap,2022-01-06,1587
Kakap,2022-01-09,1598
Kakap,2022-01-12,1625
Kakap,2023-01-01,498
Kakap,2023-01-02,516
Kakap,2023-01-03,4399
Kakap,2023-01-04,4814
Kakap,2023-01-05,1032
Kakap,2023-01-06,1566
Kakap,2023-01-07,546
Kakap,2023-01-09,702
Kakap,2023-01-11,1176
Kakap,2024-01-01,1369
Kakap,2024-01-02,2448
Kakap,2024-01-03,1880
Kakap,2024-01-04,1156
Kakap,2024-01-05,1285
Kakap,2024-01-06,1043
Kakap,2024-01-07,803
Kakap,2024-01-08,1363
Kakap,2024-01-09,1379
Kakap,2024-01-10,1275
Kakap,2024-01-11,1246
Kakap,2024-01-12,1143
Kakap Batu,2022-01-01,2340
Kakap Batu,2022-01-02,1156
Kakap Batu,2022-01-03,1170
Kakap Batu,2022-01-04,1365
Kakap Batu,2022-01-06,3765
Kakap Batu,2022-01-08,4425
Kakap Batu,2022-01-10,1225
Kakap Batu,2022-01-11,2744
Kakap Batu,2022-01-12,735
Kakap Batu,2023-01-01,1079
Kakap Batu,2023-01-02,258
Kakap Batu,2023-01-03,1411
Kakap Batu,2023-01-04,581
Kakap Batu,2023-01-05,1854
Kakap Batu,2023-01-07,4071
Kakap Batu,2023-01-08,5487
Kakap Batu,2023-01-10,592
Kakap Batu,2023-01-11,296
Kakap Batu,2024-01-01,1776
Kakap Batu,2024-01-02,3465
Kakap Batu,2024-01-03,2442
Kakap Batu,2024-01-04,2066
Kakap Batu,2024-01-05,2801
Kakap Batu,2024-01-06,1243
Kakap Batu,2024-01-07,1576
Kakap Batu,2024-01-08,2510
Kakap Batu,2024-01-09,2041
Kakap Batu,2024-01-10,1223
Kakap Batu,2024-01-11,1195
Kakap Batu,2024-01-12,1199
Kakap Jenaha,2022-01-01,1365
Kakap Jenaha,2022-01-02,9248
Kakap Jenaha,2022-01-03,1144
Kakap Jenaha,2022-01-04,1365
Kakap Jenaha,2022-01-05,1088
Kakap Jenaha,2022-01-06,621
Kakap Jenaha,2022-01-07,9198
Kakap Jenaha,2022-01-08,372
Kakap Jenaha,2022-01-09,705
Kakap Jenaha,2022-01-10,7670
Kakap Jenaha,2022-01-11,7189
Kakap Jenaha,2022-01-12,1235
Kakap Jenaha,2023-01-01,4399
Kakap Jenaha,2023-01-02,215
Kakap Jenaha,2023-01-03,747
Kakap Jenaha,2023-01-04,8798
Kakap Jenaha,2023-01-05,731
Kakap Jenaha,2023-01-06,15138
Kakap Jenaha,2023-01-07,924
Kakap Jenaha,2023-01-08,11928
Kakap Jenaha,2023-01-09,7345
Kakap Jenaha,2023-01-11,11536
Kakap Jenaha,2024-01-01,2205
Kakap Jenaha,2024-01-02,1324
Kakap Jenaha,2024-01-03,1791
Kakap Jenaha,2024-01-04,1690
Kakap Jenaha,2024-01-05,2176
Kakap Jenaha,2024-01-06,1883
Kakap Jenaha,2024-01-07,1611
Kakap Jenaha,2024-01-08,1663
Kakap Jenaha,2024-01-09,1802
Kakap Jenaha,2024-01-10,1395
Kakap Jenaha,2024-01-11,1371
Kakap Jenaha,2024-01-12,1365
Kakap Merah,2019-01-02,1960
Kakap Merah,2019-01-03,4025
Kakap Merah,2019-01-04,736
Kakap Merah,2019-01-05,3136
Kakap Merah,2019-01-06,1600
Kakap Merah,2019-01-07,2250
Kakap Merah,2019-01-08,1128
Kakap Merah,2019-01-09,960
Kakap Merah,2019-01-10,795
Kakap Merah,2019-01-11,1200
Kakap Merah,2020-01-01,1507
Kakap Merah,2020-01-02,1465
Kakap Merah,2020-01-03,1789
Kakap Merah,2020-01-04,1235
Kakap Merah,2020-01-05,1573
Kakap Merah,2020-01-06,1523
Kakap Merah,2020-01-07,1620
Kakap Merah,2020-01-08,1058
Kakap Merah,2020-01-09,1620
Kakap Merah,2020-01-10,1550
Kakap Merah,2020-01-11,1565
Kakap Merah,2020-01-12,1578
Kakap Merah,2021-01-01,3675
Kakap Merah,2021-01-02,3350
Kakap Merah,2021-01-03,3000
Kakap Merah,2021-01-04,2500
Kakap Merah,2021-01-05,2075
Kakap Merah,2021-01-06,1450
Kakap Merah,2021-01-07,975
Kakap Merah,2021-01-08,925
Kakap Merah,2021-01-09,925
Kakap Merah,2021-01-10,18950
Kakap Merah,2021-01-12,18875
Kakap Merah,2022-01-01,990
Kakap Merah,2022-01-02,12095
Kakap Merah,2022-01-04,12375
Kakap Merah,2022-01-05,12432
Kakap Merah,2022-01-06,16794
Kakap Merah,2022-01-08,9048
Kakap Merah,2022-01-09,784
Kakap Merah,2022-01-10,6600
Kakap Merah,2022-01-11,6380
Kakap Merah,2022-01-12,2000
Kakap Merah,2023-01-02,568
Kakap Merah,2023-01-04,861
Kakap Merah,2023-01-05,9256
Kakap Merah,2023-01-06,1113
Kakap Merah,2023-01-07,858
Kakap Merah,2023-01-08,1023
Kakap Merah,2023-01-09,10496
Kakap Merah,2023-01-10,17696
Kakap Merah,2023-01-11,16095
Kakap Merah,2024-01-01,2167
Kakap Merah,2024-01-02,2808
Kakap Merah,2024-01-03,2408
Kakap Merah,2024-01-04,2559
Kakap Merah,2024-01-05,4307
Kakap Merah,2024-01-06,2940
Kakap Merah,2024-01-07,1920
Kakap Merah,2024-01-08,2354
Kakap Merah,2024-01-09,1830
Kakap Merah,2024-01-10,1580
Kakap Merah,2024-01-11,1549
Kakap Merah,2024-01-12,1523
Kapas kapas,2019-01-01,14105
Kapas kapas,2019-01-02,10220
Kapas kapas,2019-01-03,2765
Kapas kapas,2019-01-04,1664
Kapas kapas,2019-01-05,4224
Kapas kapas,2019-01-06,1472
Kapas kapas,2019-01-07,2550
Kapas kapas,2019-01-08,6210
Kapas kapas,2019-01-09,11550
Kapas kapas,2019-01-10,14430
Kapas kapas,2019-01-11,13650
Kapas kapas,2019-01-12,14025
Kapas kapas,2020-01-01,7150
Kapas kapas,2020-01-02,7030
Kapas kapas,2020-01-03,6580
Kapas kapas,2020-01-04,9803
Kapas kapas,2020-01-05,6530
Kapas kapas,2020-01-06,6856
Kapas kapas,2020-01-07,7890
Kapas kapas,2020-01-08,7050
Kapas kapas,2020-01-09,7501
Kapas kapas,2020-01-10,6835
Kapas kapas,2020-01-11,6223
Kapas kapas,2020-01-12,6350
Kapas kapas,2021-01-02,2175
Kapas kapas,2021-01-03,1750
Kapas kapas,2021-01-04,5275
Kapas kapas,2021-01-05,4250
Kapas kapas,2021-01-06,1675
Kapas kapas,2021-01-07,2250
Kapas kapas,2021-01-08,2000
Kapas kapas,2021-01-09,2250
Kapas kapas,2021-01-10,425
Kapas kapas,2021-01-11,225
Kapas kapas,2021-01-12,725
Kapas kapas/Bagas,2022-01-01,1728
Kapas kapas/Bagas,2022-01-02,1455
Kapas kapas/Bagas,2022-01-03,1368
Kapas kapas/Bagas,2022-01-04,2544
Kapas kapas/Bagas,2022-01-06,22088
Kapas kapas/Bagas,2022-01-08,13356
Kapas kapas/Bagas,2022-01-09,34888
Kapas kapas/Bagas,2022-01-10,13130
Kapas kapas/Bagas,2022-01-11,12055
Kapas kapas/Bagas,2022-01-12,9250
Kapas kapas/Bagas,2024-01-02,45720
Kapas kapas/Bagas,2024-01-03,43278
Kapas kapas/Bagas,2024-01-04,18674
Kapas kapas/Bagas,2024-01-05,13444
Kapas kapas/Bagas,2024-01-06,7830
Kapas kapas/Bagas,2024-01-07,8360
Kapas kapas/Bagas,2024-01-08,10066
Kapas kapas/Bagas,2024-01-09,7918
Kapas kapas/Bagas,2024-01-10,14671
Kapas kapas/Bagas,2024-01-11,14348
Kapas kapas/Bagas,2024-01-12,14273
Kapas-kapas,2023-01-01,6660
Kapas-kapas,2023-01-02,5203
Kapas-kapas,2023-01-03,2754
Kapas-kapas,2023-01-04,1620
Kapas-kapas,2023-01-05,26746
Kapas-kapas,2023-01-06,4665
Kapas-kapas,2023-01-07,33327
Kapas-kapas,2023-01-08,14805
Kapas-kapas,2023-01-11,17613
Kembung,2019-01-02,5005
Kembung,2019-01-05,1504
Kembung,2019-01-06,10304
Kembung,2019-01-07,2220
Kembung,2019-01-08,1740
Kembung,2019-01-09,3780
Kembung,2019-01-10,3150
Kembung,2019-01-11,3420
Kembung,2019-01-12,4125
Kembung,2020-01-01,1925
Kembung,2020-01-02,1901
Kembung,2020-01-03,1983
Kembung,2020-01-04,1856
Kembung,2020-01-05,1788
Kembung,2020-01-06,1685
Kembung,2020-01-07,2010
Kembung,2020-01-08,1860
Kembung,2020-01-09,2632
Kembung,2020-01-10,1680
Kembung,2020-01-11,1890
Kembung,2020-01-12,1890
Kembung,2021-01-01,3800
Kembung,2021-01-02,4725
Kembung,2021-01-03,2000
Kembung,2021-01-04,1500
Kembung,2021-01-05,2500
Kembung,2021-01-06,3000
Kembung,2021-01-07,10500
Kembung,2021-01-08,7750
Kembung,2021-01-10,10450
Kembung,2021-01-11,10950
Kembung,2021-01-12,3500
Kembung Lelaki,2022-01-01,5005
Kembung Lelaki,2022-01-02,10005
Kembung Lelaki,2022-01-03,83545
Kembung Lelaki,2022-01-04,11935
Kembung Lelaki,2022-01-06,104412
Kembung Lelaki,2022-01-07,70448
Kembung Lelaki,2022-01-08,19467
Kembung Lelaki,2022-01-09,30544
Kembung Lelaki,2022-01-10,20504
Kembung Lelaki,2022-01-11,20040
Kembung Lelaki,2022-01-12,19600
Kembung Lelaki,2023-01-01,5673
Kembung Lelaki,2023-01-02,824
Kembung Lelaki,2023-01-03,74865
Kembung Lelaki,2023-01-04,6603
Kembung Lelaki,2023-01-05,99603
Kembung Lelaki,2023-01-06,16260
Kembung Lelaki,2023-01-10,174279
Kembung Lelaki,2023-01-11,5705
Kembung Lelaki,2024-01-01,2473
Kembung Lelaki,2024-01-02,3895
Kembung Lelaki,2024-01-03,2635
Kembung Lelaki,2024-01-04,1541
Kembung Lelaki,2024-01-05,6009
Kembung Lelaki,2024-01-06,7359
Kembung Lelaki,2024-01-07,8485
Kembung Lelaki,2024-01-08,10742
Kembung Lelaki,2024-01-09,9128
Kembung Lelaki,2024-01-10,6919
Kembung Lelaki,2024-01-11,6839
Kembung Lelaki,2024-01-12,6788
Kembung Perempuan,2022-01-01,2695
Kembung Perempuan,2022-01-02,5220
Kembung Perempuan,2022-01-03,7161
Kembung Perempuan,2022-01-04,10780
Kembung Perempuan,2022-01-05,91188
Kembung Perempuan,2022-01-06,38346
Kembung Perempuan,2022-01-07,40848
Kembung Perempuan,2022-01-08,16377
Kembung Perempuan,2022-01-10,9300
Kembung Perempuan,2022-01-11,13300
Kembung Perempuan,2022-01-12,7000
Kembung Perempuan,2023-01-01,24645
Kembung Perempuan,2023-01-02,1751
Kembung Perempuan,2023-01-03,8649
Kembung Perempuan,2023-01-04,9021
Kembung Perempuan,2023-01-05,80104
Kembung Perempuan,2023-01-06,99186
Kembung Perempuan,2023-01-11,14588
Kembung Perempuan,2024-01-01,2581
Kembung Perempuan,2024-01-02,2375
Kembung Perempuan,2024-01-03,1720
Kembung Perempuan,2024-01-04,1950
Kembung Perempuan,2024-01-05,5428
Kembung Perempuan,2024-01-06,4508
Kembung Perempuan,2024-01-07,5119
Kembung Perempuan,2024-01-08,8805
Kembung Perempuan,2024-01-09,9112
Kembung Perempuan,2024-01-10,9526
Kembung Perempuan,2024-01-11,9204
Kembung Perempuan,2024-01-12,9084
Kerapu,2019-01-01,560
Kerapu,2019-01-02,1190
Kerapu,2019-01-03,595
Kerapu,2019-01-04,1024
Kerapu,2019-01-05,768
Kerapu,2019-01-06,352
Kerapu,2019-01-07,720
Kerapu,2019-01-08,591
Kerapu,2019-01-09,420
Kerapu,2019-01-10,660
Kerapu,2019-01-11,420
Kerapu,2019-01-12,495
Kerapu,2020-01-01,408
Kerapu,2020-01-02,468
Kerapu,2020-01-03,436
Kerapu,2020-01-04,302
Kerapu,2020-01-05,488
Kerapu,2020-01-06,496
Kerapu,2020-01-07,391
Kerapu,2020-01-08,378
Kerapu,2020-01-09,365
Kerapu,2020-01-10,425
Kerapu,2020-01-11,384
Kerapu,2020-01-12,354
Kerapu,2021-01-01,1750
Kerapu,2021-01-02,3250
Kerapu,2021-01-03,1625
Kerapu,2021-01-04,1275
Kerapu,2021-01-05,925
Kerapu,2021-01-06,500
Kerapu,2021-01-07,375
Kerapu,2021-01-08,275
Kerapu,2021-01-09,425
Kerapu,2021-01-10,1250
Kerapu,2021-01-11,1825
Kerapu,2021-01-12,1888
Kerapu,2022-01-02,1711
Kerapu,2022-01-06,1555
Kerapu,2022-01-07,1534
Kerapu,2022-01-11,2500
Kerapu,2022-01-12,2000
Kerapu,2023-01-02,639
Kerapu,2023-01-05,356
Kerapu,2023-01-11,1044
Kerapu,2024-01-01,852
Kerapu,2024-01-02,1483
Kerapu,2024-01-03,1008
Kerapu,2024-01-04,785
Kerapu,2024-01-05,1504
Kerapu,2024-01-06,1085
Kerapu,2024-01-07,1399
Kerapu,2024-01-08,1340
Kerapu,2024-01-09,1141
Kerapu,2024-01-10,2083
Kerapu,2024-01-11,1871
Kerapu,2024-01-12,1857
Kuniran,2023-01-01,12915
Kuniran,2023-01-02,568
Kuniran,2023-01-03,162975
Kuniran,2023-01-04,2337
Kuniran,2023-01-05,183696
Kuniran,2023-01-06,23002
Kuniran,2023-01-07,30822
Kuniran,2023-01-08,48906
Kuniran,2023-01-10,15456
Kuniran/biji nangka,2019-01-01,1750
Kuniran/biji nangka,2019-01-02,2345
Kuniran/biji nangka,2019-01-03,630
Kuniran/biji nangka,2019-01-04,1344
Kuniran/biji nangka,2019-01-05,288
Kuniran/biji nangka,2019-01-06,416
Kuniran/biji nangka,2019-01-07,10683
Kuniran/biji nangka,2019-01-08,1302
Kuniran/biji nangka,2019-01-09,525
Kuniran/biji nangka,2019-01-10,660
Kuniran/biji nangka,2019-01-11,450
Kuniran/biji nangka,2019-01-12,825
Kuniran/biji nangka,2020-01-01,2598
Kuniran/biji nangka,2020-01-02,2560
Kuniran/biji nangka,2020-01-03,2146
Kuniran/biji nangka,2020-01-04,2386
Kuniran/biji nangka,2020-01-05,2443
Kuniran/biji nangka,2020-01-06,2689
Kuniran/biji nangka,2020-01-07,2135
Kuniran/biji nangka,2020-01-08,2004
Kuniran/biji nangka,2020-01-09,2756
Kuniran/biji nangka,2020-01-10,2856
Kuniran/biji nangka,2020-01-11,2560
Kuniran/biji nangka,2020-01-12,4045
Kuniran/biji nangka,2021-01-01,2250
Kuniran/biji nangka,2021-01-02,1600
Kuniran/biji nangka,2021-01-03,750
Kuniran/biji nangka,2021-01-04,675
Kuniran/biji nangka,2021-01-05,725
Kuniran/biji nangka,2021-01-06,325
Kuniran/biji nangka,2021-01-07,500
Kuniran/biji nangka,2021-01-08,725
Kuniran/biji nangka,2021-01-09,650
Kuniran/biji nangka,2021-01-10,800
Kuniran/biji nangka,2021-01-11,875
Kuniran/biji nangka,2021-01-12,675
Kuniran/biji nangka,2022-01-01,3663
Kuniran/biji nangka,2022-01-02,2537
Kuniran/biji nangka,2022-01-03,3465
Kuniran/biji nangka,2022-01-10,3500
Kuniran/biji nangka,2022-01-11,7445
Kuniran/biji nangka,2022-01-12,1250
Kuniran/biji nangka,2024-01-01,3701
Kuniran/biji nangka,2024-01-02,3717
Kuniran/biji nangka,2024-01-03,3830
Kuniran/biji nangka,2024-01-04,4829
Kuniran/biji nangka,2024-01-05,7789
Kuniran/biji nangka,2024-01-06,6014
Kuniran/biji nangka,2024-01-07,3338
Kuniran/biji nangka,2024-01-08,4758
Kuniran/biji nangka,2024-01-09,5164
Kuniran/biji nangka,2024-01-10,7722
Kuniran/biji nangka,2024-01-11,7569
Kuniran/biji nangka,2024-01-12,7524
Kurisi,2019-01-01,1855
Kurisi,2019-01-02,1890
Kurisi,2019-01-03,1680
Kurisi,2019-01-04,1376
Kurisi,2019-01-05,18496
Kurisi,2019-01-06,9216
Kurisi,2019-01-07,1896
Kurisi,2019-01-08,7956
Kurisi,2019-01-09,6600
Kurisi,2019-01-10,19500
Kurisi,2019-01-11,25800
Kurisi,2019-01-12,6050
Kurisi,2020-01-01,1659
Kurisi,2020-01-02,1589
Kurisi,2020-01-03,1458
Kurisi,2020-01-04,1705
Kurisi,2020-01-05,2122
Kurisi,2020-01-06,1413
Kurisi,2020-01-07,1555
Kurisi,2020-01-08,1658
Kurisi,2020-01-09,1835
Kurisi,2020-01-10,1689
Kurisi,2020-01-11,1602
Kurisi,2020-01-12,1623
Kurisi,2021-01-01,750
Kurisi,2021-01-02,1025
Kurisi,2021-01-03,1250
Kurisi,2021-01-04,875
Kurisi,2021-01-05,1150
Kurisi,2021-01-06,675
Kurisi,2021-01-07,1000
Kurisi,2021-01-08,700
Kurisi,2021-01-09,1000
Kurisi,2021-01-10,1625
Kurisi,2021-01-11,2125
Kurisi,2021-01-12,1300
Kurisi,2022-01-01,28215
Kurisi,2022-01-02,2478
Kurisi,2022-01-03,25245
Kurisi,2022-01-04,18612
Kurisi,2022-01-08,9048
Kurisi,2022-01-09,12152
Kurisi,2022-01-10,6300
Kurisi,2022-01-11,6400
Kurisi,2022-01-12,1500
Kurisi,2023-01-01,6642
Kurisi,2023-01-02,7597
Kurisi,2023-01-06,39326
Kurisi,2023-01-07,43098
Kurisi,2023-01-08,4290
Kurisi,2024-01-01,29814
Kurisi,2024-01-02,24141
Kurisi,2024-01-03,9755
Kurisi,2024-01-04,2266
Kurisi,2024-01-05,6909
Kurisi,2024-01-06,6572
Kurisi,2024-01-07,2799
Kurisi,2024-01-08,5283
Kurisi,2024-01-09,5903
Kurisi,2024-01-10,4586
Kurisi,2024-01-11,4795
Kurisi,2024-01-12,4763
Kuro,2023-01-01,8733
Kuro,2023-01-02,10082
Kuro,2023-01-03,101475
Kuro,2023-01-04,108117
Kuro,2023-01-05,57316
Kuro,2023-01-06,41923
Kuro,2023-01-07,51678
Kuro,2023-01-08,20460
Kuro,2023-01-10,36624
Kuro,2023-01-11,23577
Kuro/Senangin/laosan,2022-01-01,8910
Kuro/Senangin/laosan,2022-01-02,7729
Kuro/Senangin/laosan,2022-01-03,44055
Kuro/Senangin/laosan,2022-01-04,3069
Kuro/Senangin/laosan,2022-01-08,27492
Kuro/Senangin/laosan,2022-01-09,20776
Kuro/Senangin/laosan,2022-01-10,3400
Kuro/Senangin/laosan,2022-01-11,24745
Kuro/Senangin/laosan,2022-01-12,3500
Kuro/Senangin/laosan,2024-01-01,6204
Kuro/Senangin/laosan,2024-01-02,6012
Kuro/Senangin/laosan,2024-01-03,6284
Kuro/Senangin/laosan,2024-01-04,6626
Kuro/Senangin/laosan,2024-01-05,7664
Kuro/Senangin/laosan,2024-01-06,8185
Kuro/Senangin/laosan,2024-01-07,5114
Kuro/Senangin/laosan,2024-01-08,6799
Kuro/Senangin/laosan,2024-01-09,6988
Kuro/Senangin/laosan,2024-01-10,5751
Kuro/Senangin/laosan,2024-01-11,5592
Kuro/Senangin/laosan,2024-01-12,5538
Kuwe,2023-01-05,166532
Kuwe,2023-01-06,22764
Kuwe,2023-01-07,151998
Kuwe,2023-01-08,146828
Kuwe,2023-01-09,20904
Kuwe,2023-01-10,2795
Kuwe,2023-01-11,19705
Kuwe,2024-01-01,2709
Kuwe,2024-01-02,1776
Kuwe,2024-01-03,1763
Kuwe,2024-01-04,840
Kuwe,2024-01-05,2581
Kuwe,2024-01-06,1886
Kuwe,2024-01-07,1961
Kuwe,2024-01-08,3599
Kuwe,2024-01-09,1030
Kuwe,2024-01-10,3709
Kuwe,2024-01-11,2727
Kuwe,2024-01-12,2654
Kuwe Gerong,2023-01-01,6975
Kuwe Gerong,2023-01-02,618
Kuwe Gerong,2023-01-03,6975
Kuwe Gerong,2023-01-04,267375
Kuwe Gerong,2023-01-05,25296
Kuwe Gerong,2023-01-06,182654
Kuwe Gerong,2023-01-07,38775
Kuwe Gerong,2023-01-08,13959
Kuwe Gerong,2023-01-09,149544
Kuwe Gerong,2023-01-10,17458
Kuwe Gerong,2023-01-11,10675
Kuwe gerong,2024-01-02,1110
Kuwe gerong,2024-01-04,856
Kuwe gerong,2024-01-05,1412
Kuwe gerong,2024-01-06,1168
Kuwe gerong,2024-01-07,769
Kuwe gerong,2024-01-08,1193
Kuwe gerong,2024-01-09,926
Kuwe gerong,2024-01-10,1086
Kuwe gerong,2024-01-11,1074
Kuwe gerong,2024-01-12,1044
Laosan,2019-01-01,12600
Laosan,2019-01-02,9800
Laosan,2019-01-03,3360
Laosan,2019-01-04,2464
Laosan,2019-01-05,1728
Laosan,2019-01-06,448
Laosan,2019-01-07,9360
Laosan,2019-01-08,6030
Laosan,2019-01-09,10860
Laosan,2019-01-10,8280
Laosan,2019-01-11,6750
Laosan,2019-01-12,8910
Laosan,2020-01-01,3155
Laosan,2020-01-02,3050
Laosan,2020-01-03,2780
Laosan,2020-01-04,2980
Laosan,2020-01-05,3055
Laosan,2020-01-06,3120
Laosan,2020-01-07,2950
Laosan,2020-01-08,3005
Laosan,2020-01-09,3560
Laosan,2020-01-10,3760
Laosan,2020-01-11,2890
Laosan,2020-01-12,3560
Laosan,2021-01-01,2750
Laosan,2021-01-02,1900
Laosan,2021-01-03,1500
Laosan,2021-01-04,2000
Laosan,2021-01-05,5100
Laosan,2021-01-06,4000
Laosan,2021-01-07,5000
Laosan,2021-01-09,7900
Laosan,2021-01-10,7625
Laosan,2021-01-11,7525
Laosan,2021-01-12,9100
Layang,2019-01-01,20650
Layang,2019-01-02,44275
Layang,2019-01-03,49875
Layang,2019-01-04,48320
Layang,2019-01-05,16192
Layang,2019-01-06,12352
Layang,2019-01-07,32460
Layang,2019-01-08,24960
Layang,2019-01-09,22920
Layang,2019-01-10,20550
Layang,2019-01-11,17400
Layang,2019-01-12,12650
Layang,2020-01-01,27586
Layang,2020-01-02,27860
Layang,2020-01-03,27456
Layang,2020-01-04,27830
Layang,2020-01-05,26805
Layang,2020-01-06,27456
Layang,2020-01-07,27560
Layang,2020-01-08,27860
Layang,2020-01-09,27586
Layang,2020-01-10,27320
Layang,2020-01-11,27856
Layang,2020-01-12,27858
Layang,2021-01-01,52750
Layang,2021-01-03,49000
Layang,2021-01-04,52500
Layang,2021-01-05,43750
Layang,2021-01-06,21250
Layang,2021-01-07,39500
Layang,2021-01-08,18500
Layang,2021-01-09,13250
Layang,2021-01-10,2375
Layang,2021-01-11,3625
Layang,2021-01-12,3250
Layang,2022-01-02,18560
Layang,2022-01-04,23498
Layang,2022-01-07,119402
Layang,2022-01-10,31970
Layang,2022-01-11,22884
Layang,2022-01-12,29010
Layang,2023-01-04,29760
Layang,2023-01-05,30906
Layang,2023-01-07,91728
Layang,2024-01-01,14003
Layang,2024-01-02,10439
Layang,2024-01-03,17152
Layang,2024-01-04,14007
Layang,2024-01-05,31756
Layang,2024-01-06,32327
Layang,2024-01-07,28188
Layang,2024-01-08,28474
Layang,2024-01-09,25599
Layang,2024-01-10,29735
Layang,2024-01-11,27826
Layang,2024-01-12,23593
Layaran,2023-01-01,518
Layaran,2023-01-02,600
Layaran,2023-01-03,3515
Layaran,2023-01-04,3145
Layaran,2023-01-05,412
Layaran,2023-01-06,6386
Layaran,2023-01-07,767
Layaran,2023-01-10,2234
Layaran,2024-01-01,1060
Layaran,2024-01-02,1060
Layaran,2024-01-03,718
Layaran,2024-01-04,960
Layaran,2024-01-05,1287
Layaran,2024-01-06,1139
Layaran,2024-01-07,880
Layaran,2024-01-08,1440
Layaran,2024-01-09,1507
Layaran,2024-01-10,3018
Layaran,2024-01-11,2837
Layaran,2024-01-12,2763
Layur,2019-01-01,26635
Layur,2019-01-02,26740
Layur,2019-01-03,7385
Layur,2019-01-04,6272
Layur,2019-01-05,7840
Layur,2019-01-06,49024
Layur,2019-01-07,31560
Layur,2019-01-08,61800
Layur,2019-01-09,54300
Layur,2019-01-10,63300
Layur,2019-01-11,58440
Layur,2019-01-12,44550
Layur,2020-01-01,19928
Layur,2020-01-02,20560
Layur,2020-01-03,20805
Layur,2020-01-04,19550
Layur,2020-01-05,20145
Layur,2020-01-06,19253
Layur,2020-01-07,19320
Layur,2020-01-08,20560
Layur,2020-01-09,20056
Layur,2020-01-10,19850
Layur,2020-01-11,20450
Layur,2020-01-12,18663
Layur,2021-01-01,27650
Layur,2021-01-03,15000
Layur,2021-01-04,12500
Layur,2021-01-05,11250
Layur,2021-01-06,9500
Layur,2021-01-07,13250
Layur,2021-01-08,19325
Layur,2021-01-09,24000
Layur,2021-01-10,26000
Layur,2021-01-11,28500
Layur,2021-01-12,29000
Layur,2022-01-01,15840
Layur,2022-01-02,14927
Layur,2022-01-03,15444
Layur,2022-01-04,120285
Layur,2022-01-05,7696
Layur,2022-01-06,126266
Layur,2022-01-07,109681
Layur,2022-01-08,114144
Layur,2022-01-09,16072
Layur,2022-01-10,20430
Layur,2022-01-11,17765
Layur,2022-01-12,16015
Layur,2023-01-01,19844
Layur,2023-01-02,2870
Layur,2023-01-03,902
Layur,2023-01-04,4346
Layur,2023-01-05,2214
Layur,2023-01-06,10824
Layur,2023-01-07,3772
Layur,2023-01-09,92232
Layur,2024-01-01,37055
Layur,2024-01-02,54001
Layur,2024-01-03,92903
Layur,2024-01-04,91650
Layur,2024-01-05,67529
Layur,2024-01-06,41367
Layur,2024-01-07,53875
Layur,2024-01-08,61886
Layur,2024-01-09,64291
Layur,2024-01-10,96679
Layur,2024-01-11,96144
Layur,2024-01-12,95550
Lemadang,2019-01-01,12250
Lemadang,2019-01-02,12460
Lemadang,2019-01-03,30065
Lemadang,2019-01-04,30784
Lemadang,2019-01-07,18210
Lemadang,2019-01-08,12900
Lemadang,2019-01-09,16920
Lemadang,2019-01-10,10830
Lemadang,2019-01-11,6900
Lemadang,2019-01-12,39875
Lemadang,2020-01-01,17433
Lemadang,2020-01-02,17860
Lemadang,2020-01-03,16580
Lemadang,2020-01-04,18018
Lemadang,2020-01-05,17230
Lemadang,2020-01-06,17803
Lemadang,2020-01-07,17060
Lemadang,2020-01-08,18006
Lemadang,2020-01-09,17530
Lemadang,2020-01-10,17030
Lemadang,2020-01-11,17080
Lemadang,2020-01-12,17560
Lemadang,2021-01-01,20050
Lemadang,2021-01-02,28850
Lemadang,2021-01-03,6750
Lemadang,2021-01-04,4500
Lemadang,2021-01-05,12700
Lemadang,2021-01-06,9350
Lemadang,2021-01-07,17250
Lemadang,2021-01-08,14500
Lemadang,2021-01-09,21750
Lemadang,2021-01-10,19625
Lemadang,2021-01-11,21875
Lemadang,2021-01-12,14375
Lemadang,2022-01-01,30288
Lemadang,2022-01-02,20500
Lemadang,2022-01-03,34080
Lemadang,2022-01-04,38640
Lemadang,2022-01-08,9744
Lemadang,2022-01-10,41800
Lemadang,2022-01-11,20600
Lemadang,2022-01-12,42125
Lemadang,2023-01-01,10944
Lemadang,2023-01-03,17082
Lemadang,2023-01-04,8010
Lemadang,2023-01-06,15600
Lemadang,2023-01-08,33048
Lemadang,2023-01-09,21570
Lemadang,2023-01-10,23595
Lemadang,2023-01-11,16140
Lemadang,2024-01-01,46694
Lemadang,2024-01-02,34900
Lemadang,2024-01-03,21502
Lemadang,2024-01-04,25260
Lemadang,2024-01-05,20622
Lemadang,2024-01-06,11700
Lemadang,2024-01-07,12318
Lemadang,2024-01-08,14440
Lemadang,2024-01-09,15217
Lemadang,2024-01-10,24751
Lemadang,2024-01-11,25415
Lemadang,2024-01-12,25045
Lencam,2022-01-01,11385
Lencam,2022-01-02,885
Lencam,2022-01-05,6512
Lencam,2022-01-06,13062
Lencam,2022-01-07,4602
Lencam,2022-01-08,5916
Lencam,2022-01-10,5535
Lencam,2022-01-11,970
Lencam,2022-01-12,1165
Lencam,2023-01-02,355
Lencam,2023-01-03,5289
Lencam,2023-01-04,4305
Lencam,2023-01-05,356
Lencam,2023-01-07,2244
Lencam,2023-01-08,924
Lencam,2023-01-10,1288
Lencam,2023-01-11,6525
Lencam,2023-01-12,651
Lencam,2024-01-01,672
Lencam,2024-01-02,761
Lencam,2024-01-03,919
Lencam,2024-01-04,700
Lencam,2024-01-05,1393
Lencam,2024-01-06,1079
Lencam,2024-01-07,848
Lencam,2024-01-08,1599
Lencam,2024-01-09,885
Lencam,2024-01-10,1482
Lencam,2024-01-11,1280
Lencam,2024-01-12,1270
Manyung,2019-01-01,924
Manyung,2019-01-07,1290
Manyung,2019-01-08,1170
Manyung,2019-01-09,810
Manyung,2019-01-10,540
Manyung,2019-01-11,0
Manyung,2019-01-12,990
Manyung,2020-01-01,856
Manyung,2020-01-02,830
Manyung,2020-01-03,812
Manyung,2020-01-04,856
Manyung,2020-01-05,832
Manyung,2020-01-06,903
Manyung,2020-01-07,915
Manyung,2020-01-08,825
Manyung,2020-01-09,805
Manyung,2020-01-10,873
Manyung,2020-01-11,889
Manyung,2020-01-12,882
Manyung,2021-01-01,250
Manyung,2021-01-02,875
Manyung,2021-01-03,125
Manyung,2021-01-04,225
Manyung,2021-01-05,1150
Manyung,2021-01-06,950
Manyung,2021-01-07,1450
Manyung,2021-01-08,445
Manyung,2021-01-09,500
Manyung,2021-01-10,700
Manyung,2021-01-11,925
Manyung,2021-01-12,675
Manyung,2022-01-01,3780
Manyung,2022-01-02,2660
Manyung,2022-01-03,2415
Manyung,2022-01-04,3710
Manyung,2022-01-05,2240
Manyung,2022-01-06,2590
Manyung,2022-01-07,3150
Manyung,2022-01-08,1406
Manyung,2022-01-09,2100
Manyung,2022-01-10,2009
Manyung,2022-01-11,1330
Manyung,2022-01-12,2184
Manyung,2023-01-01,1530
Manyung,2023-01-02,1170
Manyung,2023-01-03,1152
Manyung,2023-01-04,1440
Manyung,2023-01-05,1890
Manyung,2023-01-06,2655
Manyung,2023-01-07,1620
Manyung,2023-01-08,450
Manyung,2023-01-09,1078
Manyung,2023-01-10,2736
Manyung,2023-01-11,1638
Manyung,2024-01-01,479
Manyung,2024-01-03,2144
Manyung,2024-01-04,2121
Manyung,2024-01-05,1953
Manyung,2024-01-06,1751
Manyung,2024-01-07,738
Manyung,2024-01-08,1936
Manyung,2024-01-09,2100
Manyung,2024-01-10,2240
Manyung,2024-01-11,1404
Manyung,2024-01-12,1391
Marlin,2019-01-01,3066
Marlin,2019-01-02,735
Marlin,2019-01-03,1505
Marlin,2019-01-05,6016
Marlin,2019-01-06,416
Marlin,2019-01-08,9000
Marlin,2019-01-09,15150
Marlin,2019-01-10,12060
Marlin,2020-01-01,7913
Marlin,2020-01-02,7864
Marlin,2020-01-03,6805
Marlin,2020-01-04,8302
Marlin,2020-01-05,7320
Marlin,2020-01-06,8325
Marlin,2020-01-07,8850
Marlin,2020-01-08,8985
Marlin,2020-01-09,7334
Marlin,2020-01-10,8056
Marlin,2020-01-11,7356
Marlin,2020-01-12,7850
Marlin,2021-01-01,5500
Marlin,2021-01-02,8550
Marlin,2021-01-03,11250
Marlin,2021-01-04,15125
Marlin,2021-01-05,13750
Marlin,2021-01-06,14500
Marlin,2021-01-08,9000
Marlin,2021-01-09,4500
Marlin,2021-01-10,4000
Marlin,2021-01-11,14425
Marlin,2021-01-12,14175
Marlin,2022-01-01,2400
Marlin,2022-01-02,2120
Marlin,2022-01-03,1800
Marlin,2022-01-04,2715
Marlin,2022-01-05,2288
Marlin,2022-01-06,2354
Marlin,2022-01-07,3854
Marlin,2022-01-08,3180
Marlin,2022-01-09,3840
Marlin,2022-01-10,2040
Marlin,2022-01-11,1310
Marlin,2022-01-12,2640
Marlin,2023-01-01,540
Marlin,2023-01-02,1292
Marlin,2023-01-03,855
Marlin,2023-01-04,723
Marlin,2023-01-05,1166
Marlin,2023-01-06,1386
Marlin,2023-01-07,1563
Marlin,2023-01-08,2811
Marlin,2023-01-09,3408
Marlin,2023-01-10,3308
Marlin,2023-01-11,1905
Marlin,2024-01-01,544
Marlin,2024-01-02,544
Marlin,2024-01-03,1946
Marlin,2024-01-04,1072
Marlin,2024-01-05,1460
Marlin,2024-01-06,1232
Marlin,2024-01-07,2240
Marlin,2024-01-08,2806
Marlin,2024-01-09,2940
Marlin,2024-01-10,4977
Marlin,2024-01-11,4648
Marlin,2024-01-12,4488
Nyunglas,2022-01-01,134
Nyunglas,2022-01-02,420
Nyunglas,2022-01-03,268
Nyunglas,2022-01-05,4899
Nyunglas,2022-01-06,2343
Nyunglas,2022-01-09,7228
Nyunglas,2022-01-10,352
Nyunglas,2022-01-11,2514
Nyunglas,2022-01-12,396
Nyunglas,2023-01-01,268
Nyunglas,2023-01-02,220
Nyunglas,2023-01-03,2211
Nyunglas,2023-01-05,2982
Nyunglas,2023-01-07,590
Nyunglas,2023-01-08,944
Nyunglas,2023-01-10,846
Nyunglas,2023-01-11,871
Nyunglas,2024-01-01,451
Nyunglas,2024-01-02,1560
Nyunglas,2024-01-03,1220
Nyunglas,2024-01-04,797
Nyunglas,2024-01-05,400
Nyunglas,2024-01-06,487
Nyunglas,2024-01-07,554
Nyunglas,2024-01-08,920
Nyunglas,2024-01-09,1926
Nyunglas,2024-01-10,4784
Nyunglas,2024-01-11,4069
Nyunglas,2024-01-12,3989
Pari,2019-01-01,980
Pari,2019-01-02,1120
Pari,2019-01-03,1680
Pari,2019-01-04,1152
Pari,2019-01-05,2016
Pari,2019-01-06,992
Pari,2019-01-07,2070
Pari,2019-01-08,840
Pari,2019-01-09,240
Pari,2019-01-10,420
Pari,2019-01-11,300
Pari,2019-01-12,550
Pari,2020-01-01,674
Pari,2020-01-02,652
Pari,2020-01-03,632
Pari,2020-01-04,656
Pari,2020-01-05,702
Pari,2020-01-06,730
Pari,2020-01-07,756
Pari,2020-01-08,656
Pari,2020-01-09,620
Pari,2020-01-10,654
Pari,2020-01-11,703
Pari,2020-01-12,653
Pari,2021-01-02,1050
Pari,2021-01-03,875
Pari,2021-01-04,1350
Pari,2021-01-05,875
Pari,2021-01-06,650
Pari,2021-01-07,425
Pari,2021-01-08,650
Pari,2021-01-09,475
Pari,2021-01-10,1075
Pari,2021-01-11,1200
Pari,2021-01-12,1025
Pari,2022-01-02,3090
Pari,2022-01-03,3456
Pari,2022-01-04,2640
Pari,2022-01-08,4176
Pari,2022-01-10,1250
Pari,2022-01-11,2950
Pari,2022-01-12,1600
Pari,2023-01-01,276
Pari,2023-01-03,450
Pari,2023-01-04,612
Pari,2023-01-06,2826
Pari,2023-01-07,1881
Pari,2023-01-10,3528
Pari,2023-01-11,2016
Pari,2024-01-01,985
Pari,2024-01-02,1595
Pari,2024-01-03,1204
Pari,2024-01-04,986
Pari,2024-01-05,700
Pari,2024-01-06,929
Pari,2024-01-07,577
Pari,2024-01-08,734
Pari,2024-01-09,1108
Pari,2024-01-10,1313
Pari,2024-01-11,1014
Pari,2024-01-12,1000
Pedang,2022-01-02,38775
Pedang,2022-01-03,50625
Pedang,2022-01-04,729
Pedang,2022-01-05,5456
Pedang,2022-01-06,744
Pedang,2022-01-07,61575
Pedang,2022-01-08,1350
Pedang,2022-01-09,4695
Pedang,2022-01-10,2115
Pedang,2022-01-11,376
Pedang,2022-01-12,235
Pedang,2023-01-01,8375
Pedang,2023-01-02,262
Pedang,2023-01-04,31825
Pedang,2023-01-05,46008
Pedang,2023-01-06,6816
Pedang,2023-01-07,591
Pedang,2023-01-08,723
Pedang,2023-01-10,974
Pedang,2024-01-01,306
Pedang,2024-01-02,180
Pedang,2024-01-03,697
Pedang,2024-01-04,560
Pedang,2024-01-05,440
Pedang,2024-01-06,640
Pedang,2024-01-07,920
Pedang,2024-01-08,1024
Pedang,2024-01-09,1144
Pedang,2024-01-10,1357
Pedang,2024-01-11,1282
Pedang,2024-01-12,1251
Peperek,2019-01-02,3045
Peperek,2019-01-03,805
Peperek,2019-01-04,672
Peperek,2019-01-05,6016
Peperek,2019-01-06,384
Peperek,2019-01-07,2400
Peperek,2019-01-08,2010
Peperek,2019-01-09,1590
Peperek,2019-01-10,1320
Peperek,2019-01-11,990
Peperek,2019-01-12,550
Peperek,2020-01-01,1825
Peperek,2020-01-02,1832
Peperek,2020-01-03,1856
Peperek,2020-01-04,1872
Peperek,2020-01-05,1868
Peperek,2020-01-06,1856
Peperek,2020-01-07,1832
Peperek,2020-01-08,1892
Peperek,2020-01-09,1864
Peperek,2020-01-10,1730
Peperek,2020-01-11,1760
Peperek,2020-01-12,1713
Peperek,2021-01-01,1500
Peperek,2021-01-02,1150
Peperek,2021-01-03,1500
Peperek,2021-01-04,2175
Peperek,2021-01-05,2575
Peperek,2021-01-06,3250
Peperek,2021-01-07,3250
Peperek,2021-01-08,1750
Peperek,2021-01-09,1850
Peperek,2021-01-10,3000
Peperek,2021-01-11,3550
Peperek,2021-01-12,3300
Peperek,2022-01-01,10010
Peperek,2022-01-02,8960
Peperek,2022-01-03,11200
Peperek,2022-01-05,6160
Peperek,2022-01-06,5180
Peperek,2022-01-07,4830
Peperek,2022-01-08,3496
Peperek,2022-01-09,3960
Peperek,2022-01-10,6020
Peperek,2022-01-11,10640
Peperek,2022-01-12,6790
Peperek,2023-01-01,2610
Peperek,2023-01-02,1440
Peperek,2023-01-03,2097
Peperek,2023-01-04,3888
Peperek,2023-01-05,5517
Peperek,2023-01-06,7020
Peperek,2023-01-07,5580
Peperek,2023-01-08,11340
Peperek,2024-01-01,1856
Peperek,2024-01-02,3455
Peperek,2024-01-03,4784
Peperek,2024-01-04,3360
Peperek,2024-01-05,4501
Peperek,2024-01-06,5460
Peperek,2024-01-07,3888
Peperek,2024-01-08,5028
Peperek,2024-01-09,6000
Peperek,2024-01-10,7168
Peperek,2024-01-11,5376
Peperek,2024-01-12,5310
Pinjalo,2022-01-01,490
Pinjalo,2022-01-02,252
Pinjalo,2022-01-03,630
Pinjalo,2022-01-04,1190
Pinjalo,2022-01-05,630
Pinjalo,2022-01-06,840
Pinjalo,2022-01-07,1190
Pinjalo,2022-01-08,494
Pinjalo,2022-01-09,475
Pinjalo,2022-01-12,1610
Pinjalo,2023-01-01,270
Pinjalo,2023-01-02,207
Pinjalo,2023-01-03,315
Pinjalo,2023-01-04,801
Pinjalo,2023-01-05,585
Pinjalo,2023-01-06,747
Pinjalo,2023-01-07,360
Pinjalo,2023-01-08,648
Pinjalo,2023-01-09,735
Pinjalo,2023-01-10,1376
Pinjalo,2023-01-11,420
Pinjalo,2024-01-01,688
Pinjalo,2024-01-02,1144
Pinjalo,2024-01-03,479
Pinjalo,2024-01-04,546
Pinjalo,2024-01-05,1022
Pinjalo,2024-01-06,819
Pinjalo,2024-01-07,336
Pinjalo,2024-01-08,1176
Pinjalo,2024-01-09,1045
Pinjalo,2024-01-10,1136
Pinjalo,2024-01-11,479
Pinjalo,2024-01-12,473
Pisang-pisang,2022-01-01,31500
Pisang-pisang,2022-01-02,36400
Pisang-pisang,2022-01-03,28840
Pisang-pisang,2022-01-04,42560
Pisang-pisang,2022-01-05,27559
Pisang-pisang,2022-01-06,37870
Pisang-pisang,2022-01-07,29400
Pisang-pisang,2022-01-08,21280
Pisang-pisang,2022-01-09,27700
Pisang-pisang,2022-01-10,27230
Pisang-pisang,2022-01-11,22890
Pisang-pisang,2022-01-12,28784
Pisang-pisang,2023-01-01,16560
Pisang-pisang,2023-01-02,28602
Pisang-pisang,2023-01-03,32328
Pisang-pisang,2023-01-04,20700
Pisang-pisang,2023-01-05,31230
Pisang-pisang,2023-01-06,38610
Pisang-pisang,2023-01-07,16677
Pisang-pisang,2023-01-08,11673
Pisang-pisang,2023-01-09,14980
Pisang-pisang,2023-01-10,14032
Pisang-pisang,2023-01-11,52020
Pisang-pisang,2024-01-01,16079
Pisang-pisang,2024-01-02,14873
Pisang-pisang,2024-01-03,37032
Pisang-pisang,2024-01-04,22120
Pisang-pisang,2024-01-05,35741
Pisang-pisang,2024-01-06,33963
Pisang-pisang,2024-01-07,30720
Pisang-pisang,2024-01-08,6174
Pisang-pisang,2024-01-09,17570
Pisang-pisang,2024-01-10,3600
Pisang-pisang,2024-01-11,3524
Pisang-pisang,2024-01-12,3508
Sebelah,2022-01-01,3220
Sebelah,2022-01-02,2100
Sebelah,2022-01-03,2800
Sebelah,2022-01-04,1946
Sebelah,2022-01-05,2240
Sebelah,2022-01-06,2870
Sebelah,2022-01-07,2240
Sebelah,2022-01-08,950
Sebelah,2022-01-09,1000
Sebelah,2022-01-10,994
Sebelah,2022-01-11,1610
Sebelah,2022-01-12,1610
Sebelah,2023-01-01,1170
Sebelah,2023-01-02,1431
Sebelah,2023-01-03,1260
Sebelah,2023-01-04,2943
Sebelah,2023-01-05,1080
Sebelah,2023-01-06,2070
Sebelah,2023-01-07,1287
Sebelah,2023-01-08,1881
Sebelah,2023-01-11,3192
Sebelah,2024-01-01,1840
Sebelah,2024-01-02,864
Sebelah,2024-01-04,840
Sebelah,2024-01-05,1190
Sebelah,2024-01-06,1849
Sebelah,2024-01-07,1103
Sebelah,2024-01-08,2120
Sebelah,2024-01-09,1513
Sebelah,2024-01-10,912
Sebelah,2024-01-11,900
Sebelah,2024-01-12,895
Selar,2019-01-01,1820
Selar,2019-01-02,4900
Selar,2019-01-03,1505
Selar,2019-01-04,1824
Selar,2019-01-05,4928
Selar,2019-01-07,1590
Selar,2019-01-08,3450
Selar,2019-01-10,6300
Selar,2019-01-11,3960
Selar,2019-01-12,4400
Selar,2020-01-01,2428
Selar,2020-01-02,2456
Selar,2020-01-03,2413
Selar,2020-01-04,2335
Selar,2020-01-05,2450
Selar,2020-01-06,2432
Selar,2020-01-07,2193
Selar,2020-01-08,2120
Selar,2020-01-09,2986
Selar,2020-01-10,2532
Selar,2020-01-11,2140
Selar,2020-01-12,2650
Selar,2021-01-01,2750
Selar,2021-01-02,3750
Selar,2021-01-03,3500
Selar,2021-01-04,3250
Selar,2021-01-05,5500
Selar,2021-01-06,5250
Selar,2021-01-07,4000
Selar,2021-01-08,2250
Selar,2021-01-09,2500
Selar,2021-01-10,175
Selar,2021-01-11,425
Selar,2021-01-12,250
Selar Bentong,2022-01-01,8016
Selar Bentong,2022-01-02,10000
Selar Bentong,2022-01-03,15840
Selar Bentong,2022-01-04,23328
Selar Bentong,2022-01-05,77216
Selar Bentong,2022-01-06,79248
Selar Bentong,2022-01-07,55328
Selar Bentong,2022-01-08,4872
Selar Bentong,2022-01-10,23465
Selar Bentong,2022-01-11,26630
Selar Bentong,2022-01-12,23940
Selar Bentong,2023-01-01,31872
Selar Bentong,2023-01-02,129518
Selar Bentong,2023-01-03,8688
Selar Bentong,2023-01-04,11100
Selar Bentong,2023-01-05,16328
Selar Bentong,2023-01-06,116808
Selar Bentong,2023-01-10,28616
Selar Bentong,2023-01-11,19362
Selar Bentong,2024-01-01,39334
Selar Bentong,2024-01-02,17164
Selar Bentong,2024-01-03,7588
Selar Bentong,2024-01-04,4735
Selar Bentong,2024-01-05,10566
Selar Bentong,2024-01-06,6366
Selar Bentong,2024-01-07,5752
Selar Bentong,2024-01-08,10904
Selar Bentong,2024-01-09,11304
Selar Bentong,2024-01-10,12458
Selar Bentong,2024-01-11,12168
Selar Bentong,2024-01-12,12053
Selar Kuning,2022-01-01,1240
Selar Kuning,2022-01-02,3360
Selar Kuning,2022-01-03,3720
Selar Kuning,2022-01-04,4929
Selar Kuning,2022-01-05,22624
Selar Kuning,2022-01-06,25048
Selar Kuning,2022-01-07,18841
Selar Kuning,2022-01-08,420
Selar Kuning,2022-01-09,4876
Selar Kuning,2022-01-10,3800
Selar Kuning,2022-01-11,6600
Selar Kuning,2022-01-12,4200
Selar Kuning,2023-01-01,1116
Selar Kuning,2023-01-02,960
Selar Kuning,2023-01-03,961
Selar Kuning,2023-01-04,11129
Selar Kuning,2023-01-06,2424
Selar Kuning,2023-01-07,1680
Selar Kuning,2023-01-08,22092
Selar Kuning,2024-01-01,3287
Selar Kuning,2024-01-02,3414
Selar Kuning,2024-01-03,4752
Selar Kuning,2024-01-04,2768
Selar Kuning,2024-01-05,2357
Selar Kuning,2024-01-06,2860
Selar Kuning,2024-01-07,2347
Selar Kuning,2024-01-08,3120
Selar Kuning,2024-01-09,3705
Selar Kuning,2024-01-10,4091
Selar Kuning,2024-01-11,4007
Selar Kuning,2024-01-12,3883
Swanggi,2019-01-01,210
Swanggi,2019-01-02,420
Swanggi,2019-01-03,420
Swanggi,2019-01-04,768
Swanggi,2019-01-05,3488
Swanggi,2019-01-06,672
Swanggi,2019-01-07,1038
Swanggi,2019-01-08,858
Swanggi,2019-01-09,900
Swanggi,2019-01-10,1260
Swanggi,2019-01-11,1110
Swanggi,2019-01-12,9075
Swanggi,2020-01-01,517
Swanggi,2020-01-02,486
Swanggi,2020-01-03,495
Swanggi,2020-01-04,520
Swanggi,2020-01-05,508
Swanggi,2020-01-06,532
Swanggi,2020-01-07,503
Swanggi,2020-01-08,512
Swanggi,2020-01-09,602
Swanggi,2020-01-10,432
Swanggi,2020-01-11,613
Swanggi,2020-01-12,485
Swanggi,2021-01-01,500
Swanggi,2021-01-02,350
Swanggi,2021-01-03,475
Swanggi,2021-01-04,300
Swanggi,2021-01-05,1000
Swanggi,2021-01-06,525
Swanggi,2021-01-07,325
Swanggi,2021-01-08,100
Swanggi,2021-01-09,700
Swanggi,2021-01-10,600
Swanggi,2021-01-11,725
Swanggi,2021-01-12,475
Swanggi,2022-01-01,1089
Swanggi,2022-01-04,12375
Swanggi,2022-01-05,11248
Swanggi,2022-01-06,14306
Swanggi,2022-01-07,13806
Swanggi,2022-01-08,9048
Swanggi,2022-01-09,19208
Swanggi,2022-01-10,1550
Swanggi,2022-01-11,5750
Swanggi,2022-01-12,2100
Swanggi,2023-01-01,5535
Swanggi,2023-01-02,9088
Swanggi,2023-01-03,4305
Swanggi,2023-01-08,2838
Swanggi,2024-01-01,4206
Swanggi,2024-01-02,14794
Swanggi,2024-01-03,3707
Swanggi,2024-01-04,3311
Swanggi,2024-01-05,2207
Swanggi,2024-01-06,1722
Swanggi,2024-01-07,2030
Swanggi,2024-01-08,4355
Swanggi,2024-01-09,1135
Swanggi,2024-01-10,1459
Swanggi,2024-01-11,1414
Swanggi,2024-01-12,1377
Tambakan,2019-01-01,875
Tambakan,2019-01-02,700
Tambakan,2019-01-03,875
Tambakan,2019-01-05,640
Tambakan,2019-01-06,560
Tambakan,2019-01-07,0
Tambakan,2019-01-08,0
Tambakan,2019-01-09,300
Tambakan,2019-01-10,90
Tambakan,2019-01-11,90
Tambakan,2019-01-12,0
Tambakan,2020-01-01,615
Tambakan,2020-01-02,630
Tambakan,2020-01-03,654
Tambakan,2020-01-04,680
Tambakan,2020-01-05,621
Tambakan,2020-01-06,671
Tambakan,2020-01-07,520
Tambakan,2020-01-08,541
Tambakan,2020-01-09,510
Tambakan,2020-01-10,602
Tambakan,2020-01-11,656
Tambakan,2020-01-12,680
Tambakan,2021-01-01,725
Tambakan,2021-01-02,800
Tambakan,2021-01-03,700
Tambakan,2021-01-04,850
Tambakan,2021-01-05,750
Tambakan,2021-01-06,200
Tambakan,2021-01-07,425
Tambakan,2021-01-08,150
Tambakan,2021-01-09,350
Tambakan,2021-01-10,375
Tambakan,2021-01-11,625
Tambakan,2021-01-12,375
Tembang,2019-01-01,1225
Tembang,2019-01-02,1050
Tembang,2019-01-03,1400
Tembang,2019-01-04,1392
Tembang,2019-01-06,1120
Tembang,2019-01-07,1530
Tembang,2019-01-08,360
Tembang,2019-01-09,450
Tembang,2019-01-10,0
Tembang,2019-01-11,0
Tembang,2019-01-12,0
Tembang,2020-01-01,918
Tembang,2020-01-02,930
Tembang,2020-01-03,925
Tembang,2020-01-04,914
Tembang,2020-01-05,891
Tembang,2020-01-06,970
Tembang,2020-01-07,956
Tembang,2020-01-08,903
Tembang,2020-01-09,886
Tembang,2020-01-10,975
Tembang,2020-01-11,845
Tembang,2020-01-12,899
Tembang,2021-01-01,580
Tembang,2021-01-02,381
Tembang,2021-01-03,282
Tembang,2021-01-04,183
Tembang,2021-01-05,148
Tembang,2021-01-06,194
Tembang,2021-01-07,195
Tembang,2021-01-08,196
Tembang,2021-01-09,157
Tembang,2021-01-10,228
Tembang,2021-01-11,329
Tembang,2021-01-12,330
Tenggiri,2019-01-01,4900
Tenggiri,2019-01-04,2736
Tenggiri,2019-01-06,3392
Tenggiri,2019-01-07,5940
Tenggiri,2019-01-08,4950
Tenggiri,2019-01-09,5430
Tenggiri,2019-01-10,6330
Tenggiri,2019-01-11,4530
Tenggiri,2020-01-01,8023
Tenggiri,2020-01-02,7985
Tenggiri,2020-01-03,8501
Tenggiri,2020-01-04,7560
Tenggiri,2020-01-05,8540
Tenggiri,2020-01-06,7851
Tenggiri,2020-01-07,8565
Tenggiri,2020-01-08,7225
Tenggiri,2020-01-09,7986
Tenggiri,2020-01-10,8732
Tenggiri,2020-01-11,7956
Tenggiri,2020-01-12,7356
Tenggiri,2021-01-01,2605
Tenggiri,2021-01-03,1525
Tenggiri,2021-01-04,2650
Tenggiri,2021-01-05,3000
Tenggiri,2021-01-06,1300
Tenggiri,2021-01-07,2725
Tenggiri,2021-01-08,1975
Tenggiri,2021-01-09,1225
Tenggiri,2022-01-01,670
Tenggiri,2022-01-02,700
Tenggiri,2022-01-04,5695
Tenggiri,2022-01-05,4473
Tenggiri,2022-01-08,354
Tenggiri,2022-01-09,3614
Tenggiri,2022-01-10,360
Tenggiri,2022-01-11,2100
Tenggiri,2022-01-12,420
Tenggiri,2023-01-01,3015
Tenggiri,2023-01-02,260
Tenggiri,2023-01-03,16415
Tenggiri,2023-01-07,6077
Tenggiri,2023-01-08,12213
Tenggiri,2023-01-10,1186
Tenggiri,2023-01-12,600
Tenggiri,2024-01-01,480
Tenggiri,2024-01-02,735
Tenggiri,2024-01-03,568
Tenggiri,2024-01-04,452
Tenggiri,2024-01-05,580
Tenggiri,2024-01-06,491
Tenggiri,2024-01-07,671
Tenggiri,2024-01-08,860
Tenggiri,2024-01-09,941
Tenggiri,2024-01-10,2841
Tenggiri,2024-01-11,2969
Tenggiri,2024-01-12,2933
Tenggiri Papan,2022-01-01,45225
Tenggiri Papan,2022-01-02,480
Tenggiri Papan,2022-01-03,3685
Tenggiri Papan,2022-01-04,51925
Tenggiri Papan,2022-01-05,39405
Tenggiri Papan,2022-01-06,2982
Tenggiri Papan,2022-01-07,41481
Tenggiri Papan,2022-01-08,413
Tenggiri Papan,2022-01-09,10286
Tenggiri Papan,2022-01-10,820
Tenggiri Papan,2022-01-11,1158
Tenggiri Papan,2022-01-12,1060
Tenggiri Papan,2023-01-01,23785
Tenggiri Papan,2023-01-02,280
Tenggiri Papan,2023-01-03,30485
Tenggiri Papan,2023-01-04,25125
Tenggiri Papan,2023-01-05,47499
Tenggiri Papan,2023-01-08,14927
Tenggiri Papan,2023-01-10,1234
Tenggiri Papan,2024-01-01,320
Tenggiri Papan,2024-01-02,422
Tenggiri Papan,2024-01-03,620
Tenggiri Papan,2024-01-04,492
Tenggiri Papan,2024-01-05,624
Tenggiri Papan,2024-01-06,596
Tenggiri Papan,2024-01-07,640
Tenggiri Papan,2024-01-08,729
Tenggiri Papan,2024-01-09,842
Tenggiri Papan,2024-01-10,2090
Tenggiri Papan,2024-01-11,2111
Tenggiri Papan,2024-01-12,1945
Teri,2019-01-01,0
Teri,2019-01-02,0
Teri,2019-01-03,0
Teri,2019-01-04,0
Teri,2019-01-05,0
Teri,2019-01-06,0
Teri,2019-01-07,0
Teri,2019-01-08,0
Teri,2019-01-09,0
Teri,2019-01-10,0
Teri,2019-01-11,0
Teri,2019-01-12,0
Teri,2020-01-01,0
Teri,2020-01-02,0
Teri,2020-01-03,0
Teri,2020-01-04,0
Teri,2020-01-05,0
Teri,2020-01-06,0
Teri,2020-01-07,0
Teri,2020-01-08,0
Teri,2020-01-09,0
Teri,2020-01-10,0
Teri,2020-01-11,0
Teri,2020-01-12,0
Teri,2021-01-01,0
Teri,2021-01-02,0
Teri,2021-01-03,0
Teri,2021-01-04,0
Teri,2021-01-05,0
Teri,2021-01-06,0
Teri,2021-01-07,0
Teri,2021-01-08,0
Teri,2021-01-09,0
Teri,2021-01-10,0
Teri,2021-01-11,0
Teri,2021-01-12,0
Tetengkek,2019-01-01,420
Tetengkek,2019-01-02,1750
Tetengkek,2019-01-03,2205
Tetengkek,2019-01-04,736
Tetengkek,2019-01-05,1344
Tetengkek,2019-01-06,704
Tetengkek,2019-01-07,1650
Tetengkek,2019-01-08,684
Tetengkek,2019-01-09,630
Tetengkek,2019-01-10,990
Tetengkek,2019-01-11,0
Tetengkek,2019-01-12,1045
Tetengkek,2020-01-01,741
Tetengkek,2020-01-02,659
Tetengkek,2020-01-03,696
Tetengkek,2020-01-04,720
Tetengkek,2020-01-05,692
Tetengkek,2020-01-06,655
Tetengkek,2020-01-07,687
Tetengkek,2020-01-08,732
Tetengkek,2020-01-09,756
Tetengkek,2020-01-10,714
Tetengkek,2020-01-11,922
Tetengkek,2020-01-12,924
Tetengkek,2021-01-01,425
Tetengkek,2021-01-02,325
Tetengkek,2021-01-03,600
Tetengkek,2021-01-04,750
Tetengkek,2021-01-05,400
Tetengkek,2021-01-06,125
Tetengkek,2021-01-07,6625
Tetengkek,2021-01-08,750
Tetengkek,2021-01-09,550
Tetengkek,2021-01-10,1075
Tetengkek,2021-01-11,1575
Tetengkek,2021-01-12,1325
Tetengkek,2022-01-02,783
Tetengkek,2022-01-03,10395
Tetengkek,2022-01-04,7931
Tetengkek,2022-01-06,693
Tetengkek,2022-01-07,4736
Tetengkek,2022-01-08,5871
Tetengkek,2022-01-09,10956
Tetengkek,2022-01-10,1840
Tetengkek,2022-01-11,1720
Tetengkek,2022-01-12,2200
Tetengkek,2023-01-03,5301
Tetengkek,2023-01-11,1596
Tetengkek,2024-01-01,1250
Tetengkek,2024-01-02,775
Tetengkek,2024-01-03,1651
Tetengkek,2024-01-04,822
Tetengkek,2024-01-05,578
Tetengkek,2024-01-06,1564
Tetengkek,2024-01-07,1134
Tetengkek,2024-01-08,2352
Tetengkek,2024-01-09,2274
Tetengkek,2024-01-10,1309
Tetengkek,2024-01-11,1309
Tetengkek,2024-01-12,1286
Tongkol,2019-01-01,50680
Tongkol,2019-01-02,45920
Tongkol,2019-01-03,30821
Tongkol,2019-01-04,30240
Tongkol,2019-01-05,5856
Tongkol,2019-01-06,28928
Tongkol,2019-01-08,56148
Tongkol,2019-01-09,54240
Tongkol,2019-01-10,61125
Tongkol,2019-01-11,36360
Tongkol,2020-01-01,38631
Tongkol,2020-01-02,38231
Tongkol,2020-01-03,37560
Tongkol,2020-01-04,36893
Tongkol,2020-01-05,36560
Tongkol,2020-01-06,35501
Tongkol,2020-01-07,36530
Tongkol,2020-01-08,37560
Tongkol,2020-01-09,52032
Tongkol,2020-01-10,38625
Tongkol,2020-01-11,38205
Tongkol,2020-01-12,37250
Tongkol,2021-01-01,38000
Tongkol,2021-01-02,25375
Tongkol,2021-01-04,17075
Tongkol,2021-01-05,8225
Tongkol,2021-01-06,26150
Tongkol,2021-01-07,31175
Tongkol,2021-01-08,9025
Tongkol,2021-01-09,10950
Tongkol,2021-01-10,26925
Tongkol,2021-01-11,29425
Tongkol,2021-01-12,31925
Tongkol,2022-01-01,462
Tongkol,2022-01-02,957
Tongkol,2022-01-03,24255
Tongkol,2022-01-04,5005
Tongkol,2022-01-07,14708
Tongkol,2022-01-08,89952
Tongkol,2022-01-09,7304
Tongkol,2022-01-10,880
Tongkol,2022-01-11,560
Tongkol,2022-01-12,1020
Tongkol,2023-01-01,51429
Tongkol,2023-01-02,55002
Tongkol,2023-01-04,48081
Tongkol,2023-01-06,13008
Tongkol,2023-01-07,16544
Tongkol,2023-01-09,12462
Tongkol,2023-01-10,18103
Tongkol,2023-01-11,12215
Tongkol,2024-01-01,32594
Tongkol,2024-01-02,30242
Tongkol,2024-01-03,19075
Tongkol,2024-01-04,6473
Tongkol,2024-01-05,10941
Tongkol,2024-01-06,8730
Tongkol,2024-01-07,7918
Tongkol,2024-01-08,15232
Tongkol,2024-01-09,30901
Tongkol,2024-01-10,20673
Tongkol,2024-01-11,19815
Tongkol,2024-01-12,19511
Tongkol Abu-Abu,2022-01-01,3465
Tongkol Abu-Abu,2022-01-02,2175
Tongkol Abu-Abu,2022-01-03,308
Tongkol Abu-Abu,2022-01-04,1925
Tongkol Abu-Abu,2022-01-05,5811
Tongkol Abu-Abu,2022-01-07,2368
Tongkol Abu-Abu,2022-01-08,5253
Tongkol Abu-Abu,2022-01-09,2822
Tongkol Abu-Abu,2022-01-10,360
Tongkol Abu-Abu,2022-01-11,1120
Tongkol Abu-Abu,2022-01-12,1720
Tongkol Abu-Abu,2024-01-01,3764
Tongkol Abu-Abu,2024-01-02,604
Tongkol Abu-Abu,2024-01-03,1186
Tongkol Abu-Abu,2024-01-04,468
Tongkol Abu-Abu,2024-01-05,1913
Tongkol Abu-Abu,2024-01-06,1003
Tongkol Abu-Abu,2024-01-07,729
Tongkol Abu-Abu,2024-01-08,2037
Tongkol Abu-Abu,2024-01-09,6436
Tongkol Abu-Abu,2024-01-10,6237
Tongkol Abu-Abu,2024-01-11,6245
Tongkol Abu-Abu,2024-01-12,6207
Tongkol Abu-abu,2023-01-01,53475
Tongkol Abu-abu,2023-01-02,58195
Tongkol Abu-abu,2023-01-03,50127
Tongkol Abu-abu,2023-01-04,48825
Tongkol Abu-abu,2023-01-05,111724
Tongkol Abu-abu,2023-01-06,8672
Tongkol Abu-abu,2023-01-07,9306
Tongkol Abu-abu,2023-01-08,80652
Tongkol Abu-abu,2023-01-09,55476
Tongkol Abu-abu,2023-01-10,688
Tongkol Abu-abu,2023-01-11,945
Tongkol Banyar,2023-01-01,6231
Tongkol Banyar,2023-01-03,6603
Tongkol Banyar,2023-01-04,6231
Tongkol Banyar,2023-01-06,36314
Tongkol Banyar,2023-01-07,26884
Tongkol Banyar,2023-01-08,6204
Tongkol Banyar,2023-01-11,9798
Tongkol Banyar,2024-01-01,13956
Tongkol Banyar,2024-01-02,19973
Tongkol Banyar,2024-01-03,13372
Tongkol Banyar,2024-01-04,4137
Tongkol Banyar,2024-01-05,5834
Tongkol Banyar,2024-01-06,4828
Tongkol Banyar,2024-01-07,4289
Tongkol Banyar,2024-01-08,9698
Tongkol Banyar,2024-01-09,17255
Tongkol Banyar,2024-01-10,12623
Tongkol Banyar,2024-01-11,12429
Tongkol Banyar,2024-01-12,12364
Tongkol Komo,2022-01-01,4620
Tongkol Komo,2022-01-02,4089
Tongkol Komo,2022-01-03,78155
Tongkol Komo,2022-01-04,92785
Tongkol Komo,2022-01-05,72414
Tongkol Komo,2022-01-06,95634
Tongkol Komo,2022-01-07,61272
Tongkol Komo,2022-01-08,24102
Tongkol Komo,2022-01-09,20916
Tongkol Komo,2022-01-10,1024
Tongkol Komo,2022-01-11,2120
Tongkol Komo,2022-01-12,2080
Tongkol Komo,2023-01-01,7347
Tongkol Komo,2023-01-02,71585
Tongkol Komo,2023-01-03,5952
Tongkol Komo,2023-01-04,66123
Tongkol Komo,2023-01-05,132804
Tongkol Komo,2023-01-07,33605
Tongkol Komo,2023-01-08,32571
Tongkol Komo,2023-01-09,53064
Tongkol Komo,2023-01-10,44376
Tongkol Komo,2023-01-11,77745
Tongkol Komo,2023-01-12,38208
Tongkol Komo,2024-01-01,78260
Tongkol Komo,2024-01-02,41040
Tongkol Komo,2024-01-03,17330
Tongkol Komo,2024-01-04,12168
Tongkol Komo,2024-01-05,24563
Tongkol Komo,2024-01-06,10867
Tongkol Komo,2024-01-07,8996
Tongkol Komo,2024-01-08,19574
Tongkol Komo,2024-01-09,43893
Tongkol Komo,2024-01-10,21911
Tongkol Komo,2024-01-11,21684
Tongkol Komo,2024-01-12,21309
Tongkol Kray,2022-01-01,5775
Tongkol Kray,2022-01-02,5220
Tongkol Kray,2022-01-03,4235
Tongkol Kray,2022-01-04,7931
Tongkol Kray,2022-01-05,59004
Tongkol Kray,2022-01-06,75768
Tongkol Kray,2022-01-07,48544
Tongkol Kray,2022-01-08,3399
Tongkol Kray,2022-01-09,57436
Tongkol Kray,2022-01-10,2400
Tongkol Kray,2022-01-11,2080
Tongkol Kray,2022-01-12,3560
Tongkol Lisong,2022-01-01,7700
Tongkol Lisong,2022-01-02,105705
Tongkol Lisong,2022-01-04,6699
Tongkol Lisong,2022-01-06,4851
Tongkol Lisong,2022-01-07,59792
Tongkol Lisong,2022-01-08,2472
Tongkol Lisong,2022-01-09,3984
Tongkol Lisong,2022-01-10,20504
Tongkol Lisong,2022-01-11,20040
Tongkol Lisong,2022-01-12,20920
Tongkol Lisong,2023-01-01,85095
Tongkol Lisong,2023-01-02,8240
Tongkol Lisong,2023-01-03,80445
Tongkol Lisong,2023-01-05,125953
Tongkol Lisong,2023-01-06,4878
Tongkol Lisong,2023-01-08,46013
Tongkol Lisong,2023-01-10,41495
Tongkol Lisong,2024-01-01,82715
Tongkol Lisong,2024-01-02,59180
Tongkol Lisong,2024-01-03,27176
Tongkol Lisong,2024-01-04,16989
Tongkol Lisong,2024-01-05,18758
Tongkol Lisong,2024-01-06,9936
Tongkol Lisong,2024-01-07,9344
Tongkol Lisong,2024-01-08,17479
Tongkol Lisong,2024-01-09,54186
Tongkol Lisong,2024-01-10,35547
Tongkol Lisong,2024-01-11,29346
Tongkol Lisong,2024-01-12,29193
Tuna Mata Besar,2019-01-01,7000
Tuna Mata Besar,2019-01-02,17682
Tuna Mata Besar,2019-01-03,10710
Tuna Mata Besar,2019-01-04,12800
Tuna Mata Besar,2019-01-05,12816
Tuna Mata Besar,2019-01-06,6560
Tuna Mata Besar,2019-01-07,22500
Tuna Mata Besar,2019-01-08,9000
Tuna Mata Besar,2019-01-09,9300
Tuna Mata Besar,2019-01-10,15360
Tuna Mata Besar,2019-01-11,18000
Tuna Mata Besar,2020-01-01,6504
Tuna Mata Besar,2020-01-02,6325
Tuna Mata Besar,2020-01-03,6251
Tuna Mata Besar,2020-01-04,6152
Tuna Mata Besar,2020-01-05,6601
Tuna Mata Besar,2020-01-06,6321
Tuna Mata Besar,2020-01-07,6215
Tuna Mata Besar,2020-01-08,6152
Tuna Mata Besar,2020-01-09,6381
Tuna Mata Besar,2020-01-10,6856
Tuna Mata Besar,2020-01-11,6965
Tuna Mata Besar,2020-01-12,7325
Tuna Mata Besar,2021-01-01,3200
Tuna Mata Besar,2021-01-02,2100
Tuna Mata Besar,2021-01-03,1100
Tuna Mata Besar,2021-01-04,980
Tuna Mata Besar,2021-01-05,1020
Tuna Mata Besar,2021-01-06,1150
Tuna Mata Besar,2021-01-07,1050
Tuna Mata Besar,2021-01-08,1250
Tuna Mata Besar,2021-01-09,1200
Tuna Mata Besar,2021-01-10,2320
Tuna Mata Besar,2021-01-11,3580
Tuna Mata Besar,2021-01-12,3340
Tuna Mata Besar,2022-01-10,5170
Tuna Mata Besar,2022-01-12,4860
Tuna Mata Besar,2023-01-01,3650
Tuna Mata Besar,2023-01-02,4750
Tuna Mata Besar,2023-01-03,36135
Tuna Mata Besar,2023-01-05,1624
Tuna Mata Besar,2023-01-06,33292
Tuna Mata Besar,2023-01-07,2898
Tuna Mata Besar,2023-01-08,26496
Tuna Mata Besar,2023-01-09,12896
Tuna Mata Besar,2023-01-10,817
Tuna Mata Besar,2024-01-01,1026
Tuna Mata Besar,2024-01-02,760
Tuna Mata Besar,2024-01-03,855
Tuna Mata Besar,2024-01-04,599
Tuna Mata Besar,2024-01-05,666
Tuna Mata Besar,2024-01-06,534
Tuna Mata Besar,2024-01-07,516
Tuna Mata Besar,2024-01-08,625
Tuna Mata Besar,2024-01-09,710
Tuna Mata Besar,2024-01-10,673
Tuna Mata Besar,2024-01-11,658
Tuna Mata Besar,2024-01-12,603
Tuna Sirip Kuning,2019-01-01,70210
Tuna Sirip Kuning,2019-01-02,89250
Tuna Sirip Kuning,2019-01-03,122500
Tuna Sirip Kuning,2019-01-04,176096
Tuna Sirip Kuning,2019-01-05,126400
Tuna Sirip Kuning,2019-01-06,96320
Tuna Sirip Kuning,2019-01-07,131394
Tuna Sirip Kuning,2019-01-08,111960
Tuna Sirip Kuning,2019-01-09,147210
Tuna Sirip Kuning,2019-01-10,165000
Tuna Sirip Kuning,2019-01-11,151200
Tuna Sirip Kuning,2019-01-12,123750
Tuna Sirip Kuning,2020-01-01,142385
Tuna Sirip Kuning,2020-01-02,156321
Tuna Sirip Kuning,2020-01-03,140151
Tuna Sirip Kuning,2020-01-04,132560
Tuna Sirip Kuning,2020-01-05,156040
Tuna Sirip Kuning,2020-01-06,132050
Tuna Sirip Kuning,2020-01-07,136856
Tuna Sirip Kuning,2020-01-08,138560
Tuna Sirip Kuning,2020-01-09,125605
Tuna Sirip Kuning,2020-01-10,125320
Tuna Sirip Kuning,2020-01-11,156350
Tuna Sirip Kuning,2020-01-12,166424
Tuna Sirip Kuning,2021-01-01,173800
Tuna Sirip Kuning,2021-01-02,165250
Tuna Sirip Kuning,2021-01-03,172000
Tuna Sirip Kuning,2021-01-04,140125
Tuna Sirip Kuning,2021-01-05,134750
Tuna Sirip Kuning,2021-01-06,106750
Tuna Sirip Kuning,2021-01-07,225150
Tuna Sirip Kuning,2021-01-08,164650
Tuna Sirip Kuning,2021-01-09,156300
Tuna Sirip Kuning,2021-01-10,193800
Tuna Sirip Kuning,2021-01-11,218800
Tuna Sirip Kuning,2021-01-12,171300
Tuna Sirip Kuning,2022-01-01,66690
Tuna Sirip Kuning,2022-01-03,107730
Tuna Sirip Kuning,2022-01-12,75000
Tuna Sirip Kuning,2023-01-01,262515
Tuna Sirip Kuning,2023-01-02,258363
Tuna Sirip Kuning,2023-01-03,33081
Tuna Sirip Kuning,2023-01-05,90522
Tuna Sirip Kuning,2023-01-10,79680
Tuna Sirip Kuning,2023-01-11,87555
Tuna Sirip Kuning,2024-01-01,48284
Tuna Sirip Kuning,2024-01-02,65253
Tuna Sirip Kuning,2024-01-03,59107
Tuna Sirip Kuning,2024-01-04,37998
Tuna Sirip Kuning,2024-01-05,50505
Tuna Sirip Kuning,2024-01-06,63678
Tuna Sirip Kuning,2024-01-07,53101
Tuna Sirip Kuning,2024-01-08,68072
Tuna Sirip Kuning,2024-01-09,50276
Tuna Sirip Kuning,2024-01-10,48106
Tuna Sirip Kuning,2024-01-11,53455
Tuna Sirip Kuning,2024-01-12,49037
ikan pedang,2019-01-02,700
ikan pedang,2019-01-04,480
ikan pedang,2019-01-05,800
ikan pedang,2019-01-06,1440
ikan pedang,2019-01-10,0
ikan pedang,2019-01-11,0
ikan pedang,2020-01-01,525
ikan pedang,2020-01-02,520
ikan pedang,2020-01-03,496
ikan pedang,2020-01-04,536
ikan pedang,2020-01-05,489
ikan pedang,2020-01-06,430
ikan pedang,2020-01-07,540
ikan pedang,2020-01-08,732
ikan pedang,2020-01-09,452
ikan pedang,2020-01-10,523
ikan pedang,2020-01-11,489
ikan pedang,2020-01-12,564
ikan pedang,2021-01-01,405
ikan pedang,2021-01-02,325
ikan pedang,2021-01-03,500
ikan pedang,2021-01-04,550
ikan pedang,2021-01-05,325
ikan pedang,2021-01-06,750
ikan pedang,2021-01-08,675
ikan pedang,2021-01-09,325
ikan pedang,2021-01-10,850
ikan pedang,2021-01-11,950
ikan pedang,2021-01-12,450
kuwe,2019-01-01,6615
kuwe,2019-01-02,11690
kuwe,2019-01-03,4550
kuwe,2019-01-04,3680
kuwe,2019-01-05,8384
kuwe,2019-01-06,6512
kuwe,2019-01-07,4950
kuwe,2019-01-08,7200
kuwe,2019-01-09,5580
kuwe,2019-01-10,9690
kuwe,2019-01-11,6900
kuwe,2020-01-01,6354
kuwe,2020-01-02,6540
kuwe,2020-01-03,5980
kuwe,2020-01-04,5883
kuwe,2020-01-05,5978
kuwe,2020-01-06,6320
kuwe,2020-01-07,6830
kuwe,2020-01-08,5984
kuwe,2020-01-09,6729
kuwe,2020-01-10,6300
kuwe,2020-01-11,6820
kuwe,2020-01-12,6532
kuwe,2021-01-01,5750
kuwe,2021-01-02,10150
kuwe,2021-01-03,10000
kuwe,2021-01-04,6000
kuwe,2021-01-05,7750
kuwe,2021-01-06,3125
kuwe,2021-01-07,4500
kuwe,2021-01-08,2250
kuwe,2021-01-09,2800
kuwe,2021-01-10,4550
kuwe,2021-01-11,9800
kuwe,2021-01-12,7800
kuwe,2022-01-01,3388
kuwe,2022-01-06,1617
kuwe,2022-01-08,9579
kuwe,2022-01-10,7068
kuwe,2022-01-11,2716
kuwe,2022-01-12,3000
kuwe gerong,2022-01-01,1232
kuwe gerong,2022-01-02,957
kuwe gerong,2022-01-03,16555
kuwe gerong,2022-01-04,847
kuwe gerong,2022-01-05,18327
kuwe gerong,2022-01-06,16632
kuwe gerong,2022-01-08,11433
kuwe gerong,2022-01-10,5312
kuwe gerong,2022-01-11,5164
kuwe gerong,2022-01-12,1312
layaran,2019-01-01,805
layaran,2019-01-02,4200
layaran,2019-01-03,1470
layaran,2019-01-04,1888
layaran,2019-01-05,3968
layaran,2019-01-06,8704
layaran,2019-01-07,15690
layaran,2019-01-08,9600
layaran,2019-01-09,21390
layaran,2019-01-10,18450
layaran,2020-01-01,6567
layaran,2020-01-02,6502
layaran,2020-01-03,6541
layaran,2020-01-04,6213
layaran,2020-01-05,6801
layaran,2020-01-06,6540
layaran,2020-01-07,6471
layaran,2020-01-08,6423
layaran,2020-01-09,6004
layaran,2020-01-10,6840
layaran,2020-01-11,6600
layaran,2020-01-12,6980
layaran,2021-01-01,4125
layaran,2021-01-02,2250
layaran,2021-01-03,3750
layaran,2021-01-04,2250
layaran,2021-01-05,4000
layaran,2021-01-06,5750
layaran,2021-01-07,3500
layaran,2021-01-08,1750
layaran,2021-01-09,1250
layaran,2021-01-10,17000
layaran,2021-01-11,20400
layaran,2021-01-12,10900
layaran,2022-01-01,660
layaran,2022-01-02,11045
layaran,2022-01-03,1276
layaran,2022-01-04,1760
layaran,2022-01-05,11086
layaran,2022-01-06,11327
layaran,2022-01-08,1888
layaran,2022-01-09,23577
layaran,2022-01-10,1081
layaran,2022-01-11,893
